1001,Write,Recent back economy artist while nation Congress.,86.0,403.42,2025-04-25T16:04:30.853789,42,5
1002,Through,Recently skill open reflect modern.,96.89,294.89,2025-05-11T16:04:30.853837,803,5
1003,Staff,Race party positive music.,97.1,243.86,2025-05-10T16:04:30.853863,930,4
1004,Floor,Catch firm sea party recently positive daughter.,55.42,213.45,2025-05-06T16:04:30.853888,98,10
1005,Just,Company difference fly improve.,81.95,494.92,2025-04-29T16:04:30.853909,723,10
1006,Offer,Mother summer church tree.,91.19,224.75,2025-05-05T16:04:30.853940,76,6
1007,Theory,Decision whether certain who there into my analysis.,52.49,141.18,2025-04-25T16:04:30.853985,324,10
1008,Color,Rich use security.,67.64,182.59,2025-04-29T16:04:30.854019,489,8
1009,Successful,Material pattern study between put collection.,87.88,204.94,2025-05-07T16:04:30.854048,941,9
1010,All,Example pick she.,92.44,138.22,2025-05-08T16:04:30.854069,409,1
1011,Market,Go act television.,65.07,431.4,2025-04-22T16:04:30.854090,250,6
1012,Shoulder,Low material huge.,73.33,126.13,2025-05-11T16:04:30.854113,582,4
1013,Offer,Public three imagine ask provide subject receive.,31.48,487.05,2025-05-07T16:04:30.854133,557,8
1014,Home,Generation southern sell collection late.,18.21,497.3,2025-05-10T16:04:30.854152,521,8
1015,Middle,Hotel serious word probably.,19.82,320.96,2025-05-04T16:04:30.854171,128,9
1016,Century,Summer reflect vote city everything.,39.95,468.98,2025-04-18T16:04:30.854189,987,10
1017,Such,Knowledge as feel model size meet since.,59.25,215.78,2025-04-14T16:04:30.854209,611,7
1018,Year,Human scene west course very there between.,38.53,197.6,2025-04-17T16:04:30.854228,194,3
1019,Situation,Common measure suddenly project father.,12.97,492.54,2025-04-20T16:04:30.854247,488,2
1020,Media,On local very although leave network establish.,18.08,403.28,2025-05-10T16:04:30.854267,154,1
1021,Time,Word financial laugh style single relate.,85.82,459.37,2025-05-11T16:04:30.854286,850,9
1022,Western,Attack along reality teach allow.,71.51,435.31,2025-04-28T16:04:30.854305,283,9
1023,Difficult,Though with sense will.,83.05,439.94,2025-05-10T16:04:30.854326,696,10
1024,Want,Think world necessary bag treatment director produce.,84.27,268.35,2025-04-20T16:04:30.854345,462,8
1025,Republican,Catch protect administration sound forget.,69.42,498.51,2025-05-11T16:04:30.854364,813,6
1026,Describe,Lot world black.,17.41,345.5,2025-04-27T16:04:30.854383,602,6
1027,Continue,Which attorney election yard western course somebody.,86.06,197.97,2025-05-05T16:04:30.854413,278,2
1028,Focus,Board whose season real.,73.48,249.45,2025-04-17T16:04:30.854461,341,7
1029,Walk,Remain grow defense through letter positive provide.,83.43,141.14,2025-04-16T16:04:30.854489,876,4
1030,Rich,Explain pull recent simple.,14.07,329.97,2025-05-11T16:04:30.854510,959,9
1031,White,So sound image day.,64.2,130.52,2025-04-15T16:04:30.854532,651,4
1032,To,Possible article tell social no last.,64.57,330.81,2025-04-24T16:04:30.854563,94,6
1033,Than,Note strong instead require.,85.05,147.3,2025-05-01T16:04:30.854585,23,4
1034,Pretty,Partner particularly could section.,96.49,174.8,2025-04-15T16:04:30.854605,491,4
1035,Board,Phone capital simply read.,75.44,125.37,2025-05-03T16:04:30.854624,24,9
1036,American,Heavy break believe lay election effect take shoulder.,48.31,141.5,2025-04-20T16:04:30.854644,72,4
1037,Production,Child drive which board support.,16.48,221.12,2025-04-25T16:04:30.854662,185,1
1038,Watch,Stop audience seven anyone spring nothing avoid.,55.33,116.71,2025-04-15T16:04:30.854682,717,7
1039,Rate,Foreign save ball appear.,27.94,244.06,2025-05-05T16:04:30.854700,482,10
1040,Carry,Behind door fall affect.,25.25,369.38,2025-05-06T16:04:30.854718,60,3
1041,Bag,Really father even too nearly option leave.,86.09,237.58,2025-04-20T16:04:30.854740,121,10
1042,Decision,Part interesting charge education rule.,92.93,366.58,2025-04-12T16:04:30.854766,483,7
1043,Lose,Why just result student also similar floor expert.,91.01,450.05,2025-05-11T16:04:30.854787,319,6
1044,Around,Election challenge phone far point.,44.98,363.39,2025-04-16T16:04:30.854818,575,1
1045,Realize,Sign myself kitchen budget information gun few.,51.22,132.55,2025-05-05T16:04:30.854844,47,9
1046,Available,Claim head hour religious national lot modern.,35.28,196.81,2025-04-27T16:04:30.854876,361,10
1047,Affect,Able human protect usually leave.,35.91,244.32,2025-05-10T16:04:30.854901,649,10
1048,Any,Improve direction hard commercial carry out energy.,21.91,224.81,2025-05-05T16:04:30.854925,425,2
1049,Top,Have factor clearly one case red.,10.14,177.73,2025-04-22T16:04:30.854945,164,4
1050,Citizen,Leader whether they Democrat scene customer.,30.08,279.81,2025-05-04T16:04:30.854963,897,10
1051,According,Give strategy safe reach address offer well keep.,88.71,113.59,2025-05-09T16:04:30.854985,719,10
1052,Environment,Kitchen recognize natural statement.,47.64,365.22,2025-04-13T16:04:30.855011,170,8
1053,Recently,Successful produce some image leave he source.,15.75,380.9,2025-04-26T16:04:30.855037,541,8
1054,Story,Camera give role their one chair case.,91.72,341.99,2025-04-12T16:04:30.855056,906,1
1055,Lose,Difference per look crime current.,54.51,225.51,2025-04-26T16:04:30.855084,52,7
1056,Drug,Will treatment head suddenly.,26.92,499.77,2025-05-02T16:04:30.855103,86,3
1057,Already,Degree enjoy suffer produce for whom mention.,98.81,261.32,2025-05-03T16:04:30.855122,428,6
1058,Protect,Can image lawyer quickly.,10.31,106.7,2025-05-06T16:04:30.855140,3,9
1059,Product,Off image move alone ever.,65.09,176.99,2025-05-01T16:04:30.855161,665,4
1060,Protect,Land guess center couple nothing.,88.63,212.71,2025-04-17T16:04:30.855179,103,8
1061,Lot,Energy fact so factor model.,86.85,259.28,2025-04-14T16:04:30.855197,23,5
1062,Although,Newspaper technology discover believe white.,92.25,420.13,2025-04-15T16:04:30.855217,883,5
1063,Job,Once because top carry window.,22.01,308.83,2025-05-02T16:04:30.855235,661,6
1064,Choose,Window today present require peace offer.,20.36,162.62,2025-05-09T16:04:30.855253,20,1
1065,Money,Simple collection natural technology he general.,13.66,372.72,2025-04-29T16:04:30.855273,323,6
1066,Modern,Science car argue another door contain wide order.,94.46,464.03,2025-04-13T16:04:30.855292,867,10
1067,Attorney,Miss participant most seek upon.,68.98,385.23,2025-05-10T16:04:30.855310,470,7
1068,Property,Vote meet rock end term scene draw.,43.52,315.63,2025-04-18T16:04:30.855329,385,10
1069,Nature,Hold section quality wall.,36.19,156.24,2025-04-20T16:04:30.855347,342,6
1070,Day,Detail painting difference who.,81.07,387.68,2025-04-22T16:04:30.855365,799,10
1071,Article,House manage section win phone might.,13.21,208.58,2025-04-16T16:04:30.855394,598,5
1072,Agency,Use enough religious decision.,42.48,495.73,2025-04-16T16:04:30.855413,301,2
1073,Move,Remain successful in understand wall memory condition parent.,53.03,196.64,2025-04-13T16:04:30.855432,316,3
1074,American,Effort music behind audience themselves.,87.13,391.74,2025-04-21T16:04:30.855450,413,6
1075,Almost,Sea address serious school mean from figure.,36.93,144.35,2025-04-29T16:04:30.855471,931,8
1076,Production,Source space successful thing.,52.66,436.5,2025-05-07T16:04:30.855500,352,2
1077,Job,Consider nation push painting stock party stop ready.,53.12,380.14,2025-04-25T16:04:30.855523,39,5
1078,Remain,Often to together school develop light low.,40.16,375.16,2025-04-16T16:04:30.855543,942,3
1079,Run,Season indicate ask rest.,66.41,250.85,2025-05-02T16:04:30.855560,90,2
1080,Buy,Republican here popular difficult area.,82.7,180.02,2025-04-19T16:04:30.855579,63,7
1081,Focus,They thought already citizen perhaps.,10.71,258.13,2025-04-28T16:04:30.855603,297,8
1082,Discover,Teach box produce force.,92.81,415.53,2025-05-04T16:04:30.855631,696,4
1083,Middle,Their that red reality item writer.,48.07,247.96,2025-04-20T16:04:30.855650,600,3
1084,Church,Special about above rise test ago may.,48.81,244.05,2025-04-14T16:04:30.855670,842,1
1085,Better,Religious enter happy shoulder.,91.27,281.19,2025-05-03T16:04:30.855688,207,2
1086,Ok,Local new culture seat level much.,54.74,203.34,2025-05-02T16:04:30.855707,44,4
1087,Though,New television kid really drive first.,66.11,142.75,2025-04-26T16:04:30.855725,388,6
1088,Meeting,Look bank type wind window want painting.,59.18,161.38,2025-05-01T16:04:30.855744,500,3
1089,Seat,Administration citizen bank piece even beautiful.,60.75,355.71,2025-04-25T16:04:30.855763,899,9
1090,Place,Agree agree through factor evening political church.,54.59,466.9,2025-04-22T16:04:30.855781,854,8
1091,Let,Never team by unit reflect federal.,99.84,354.39,2025-05-09T16:04:30.855800,207,9
1092,Couple,Open laugh worry national sport.,64.88,188.29,2025-04-22T16:04:30.855823,723,6
1093,Able,Bank quite state list attention training might.,83.63,115.15,2025-04-16T16:04:30.855847,896,5
1094,Go,Help office public statement old billion size.,64.23,163.21,2025-04-24T16:04:30.855870,597,5
1095,Pass,Week nation board hold boy.,74.63,423.02,2025-04-14T16:04:30.855897,820,2
1096,Rest,During heavy other nothing down main professor.,56.49,466.29,2025-04-14T16:04:30.855922,231,3
1097,Part,Bar upon keep.,13.66,107.1,2025-05-09T16:04:30.855949,460,6
1098,Religious,Though need since in.,87.57,420.46,2025-05-09T16:04:30.855990,672,8
1099,Between,Baby place wish first analysis produce building.,97.17,302.49,2025-05-10T16:04:30.856010,543,9
1100,Perform,Look stage land character until simply blood tonight.,13.03,137.17,2025-05-07T16:04:30.856028,825,9
1101,Final,Represent shake opportunity consumer ability reality find half.,78.21,496.22,2025-05-05T16:04:30.856047,437,4
1102,Doctor,Mention remain off partner court on at professor.,36.07,460.55,2025-04-25T16:04:30.856066,846,8
1103,Guess,Concern manage report.,86.09,488.92,2025-05-01T16:04:30.856084,601,4
1104,Bar,Senior now develop increase war.,86.62,419.43,2025-05-03T16:04:30.856101,907,1
1105,Follow,Successful make across meet rate my glass.,76.67,221.67,2025-04-30T16:04:30.856120,261,6
1106,Practice,Last market third but.,15.91,444.09,2025-05-08T16:04:30.856138,311,7
1107,A,Value single answer budget name.,44.57,254.09,2025-04-17T16:04:30.856168,657,3
1108,Officer,Few I order.,31.51,392.05,2025-04-22T16:04:30.856187,57,1
1109,Late,Now hospital firm area team.,53.32,157.22,2025-05-10T16:04:30.856205,885,10
1110,Keep,Care citizen quickly in let full trade political.,74.55,369.74,2025-04-16T16:04:30.856224,830,6
1111,Next,Account still hard door.,47.0,345.1,2025-04-24T16:04:30.856241,470,1
1112,Network,Team same figure everyone operation.,19.13,411.48,2025-04-12T16:04:30.856259,34,10
1113,Team,Modern smile blood lot choose about of.,65.57,352.36,2025-04-15T16:04:30.856278,717,9
1114,Possible,Why area effort nothing season financial.,68.41,178.79,2025-05-07T16:04:30.856296,796,8
1115,My,Either over sort world in series speak.,19.99,125.0,2025-05-04T16:04:30.856314,479,10
1116,Really,Purpose air commercial nearly audience.,66.91,235.81,2025-04-15T16:04:30.856332,993,10
1117,Foreign,Wonder writer long surface.,36.67,439.8,2025-05-11T16:04:30.856351,397,5
1118,Here,Bag end kind what herself boy others billion.,92.52,449.14,2025-05-03T16:04:30.856370,830,2
1119,Environment,Special talk fish cut already also.,56.71,414.41,2025-04-18T16:04:30.856389,40,7
1120,Price,Information they with check forward pressure look.,50.01,402.89,2025-04-26T16:04:30.856407,366,2
1121,Majority,Necessary some total thing agency.,96.08,460.87,2025-04-13T16:04:30.856426,498,5
1122,Wrong,My character attention really central ball.,91.1,477.97,2025-05-03T16:04:30.856444,583,10
1123,Box,Us rest loss contain game career.,88.83,192.63,2025-05-06T16:04:30.856462,840,9
1124,Fact,Personal week stock bank.,72.87,268.62,2025-04-21T16:04:30.856479,969,2
1125,Clear,Number wind away unit military professional almost.,23.11,456.85,2025-04-25T16:04:30.856498,946,2
1126,Road,Region structure thousand build.,94.22,266.84,2025-04-15T16:04:30.856517,426,3
1127,Keep,More key walk require necessary.,76.09,113.25,2025-04-26T16:04:30.856534,442,7
1128,Available,Throughout become call mouth.,12.71,467.79,2025-04-22T16:04:30.856561,740,5
1129,Compare,Wall pass born total white blood through ready.,17.07,129.06,2025-04-23T16:04:30.856593,709,1
1130,Difficult,Everybody wife bar discussion difficult enjoy.,41.09,171.99,2025-05-08T16:04:30.856614,998,4
1131,Call,Natural finish since.,83.71,129.14,2025-05-10T16:04:30.856632,147,4
1132,Book,Trade there area nation.,10.29,363.95,2025-05-05T16:04:30.856650,961,2
1133,Stock,Your tree blue.,77.32,218.01,2025-05-04T16:04:30.856669,26,10
1134,Tend,Despite pay especially finally.,30.96,157.61,2025-04-26T16:04:30.856701,116,8
1135,Two,Tough whose car pull.,41.0,483.71,2025-04-16T16:04:30.856722,29,4
1136,Ground,Treatment point performance human those.,42.6,289.87,2025-04-21T16:04:30.856739,304,9
1137,Here,Item thousand interest world the get federal.,67.23,174.43,2025-04-14T16:04:30.856758,106,9
1138,Visit,Possible he that.,62.28,163.4,2025-05-10T16:04:30.856776,151,3
1139,Clearly,Particular check any tough finish expert.,82.4,227.04,2025-04-19T16:04:30.856793,243,3
1140,Magazine,Test choice board relate.,36.2,268.49,2025-04-13T16:04:30.856811,882,3
1141,Same,Several sea employee participant piece necessary.,64.11,258.13,2025-05-04T16:04:30.856829,75,3
1142,Then,Process computer production increase condition pass bad.,47.82,320.76,2025-05-05T16:04:30.856847,949,3
1143,Near,Learn relate visit.,63.2,219.91,2025-04-23T16:04:30.856867,87,4
1144,Rule,Person pretty local under.,50.03,248.33,2025-04-28T16:04:30.856886,60,7
1145,Century,Thus cell program skin.,46.78,267.47,2025-05-05T16:04:30.856913,923,6
1146,Audience,Dinner learn support election data team five apply.,49.72,249.27,2025-04-27T16:04:30.856945,94,3
1147,Fast,Kid discuss my anything charge story hold.,81.69,211.51,2025-04-29T16:04:30.856969,621,3
1148,Maybe,Soldier miss close lead order.,81.61,279.02,2025-04-24T16:04:30.856998,190,7
1149,Book,Space piece maybe first eat federal develop.,48.85,199.94,2025-04-26T16:04:30.857029,349,9
1150,Rock,Over individual position threat today fine.,22.83,285.51,2025-05-02T16:04:30.857053,89,8
1151,Spend,Try nothing trade return difficult.,77.95,218.6,2025-05-08T16:04:30.857077,716,8
1152,Statement,Occur walk police still effect shake understand.,65.69,104.1,2025-04-21T16:04:30.857096,118,5
1153,Before,Such name anyone spend any arrive.,59.07,163.33,2025-05-04T16:04:30.857115,770,8
1154,Speech,Mean glass new what various woman.,18.33,299.57,2025-04-19T16:04:30.857133,557,7
1155,Color,Heavy item wear wife but part.,35.21,493.62,2025-04-15T16:04:30.857151,277,1
1156,Dinner,Wind specific work.,10.02,259.97,2025-05-10T16:04:30.857168,596,7
1157,Leave,Study even year firm dog.,50.01,398.87,2025-04-23T16:04:30.857185,291,4
1158,Charge,Language ball ball family social ball.,63.59,115.14,2025-05-07T16:04:30.857204,269,5
1159,First,Toward set throw church set fight two.,58.03,148.16,2025-05-09T16:04:30.857252,256,3
1160,Commercial,Sort movie senior person mouth conference.,16.13,444.52,2025-04-21T16:04:30.857283,533,3
1161,Mean,Fire song without instead.,61.66,351.23,2025-04-29T16:04:30.857312,108,7
1162,Save,Cover indeed I he society become.,96.01,317.89,2025-05-05T16:04:30.857331,798,5
1163,Later,System population generation think measure.,36.3,249.35,2025-05-02T16:04:30.857350,142,3
1164,Near,Box production company level.,21.1,149.09,2025-04-24T16:04:30.857376,606,8
1165,Change,Could style first prepare citizen investment cause.,22.56,367.64,2025-04-23T16:04:30.857396,648,8
1166,Morning,Product chance church clear final.,76.81,187.99,2025-04-27T16:04:30.857414,712,9
1167,Sometimes,Television budget fact serious next popular.,38.64,361.17,2025-04-13T16:04:30.857432,455,5
1168,Can,Enter three finish least.,22.85,298.71,2025-05-10T16:04:30.857449,637,4
1169,Might,Third account form.,12.3,289.14,2025-05-10T16:04:30.857466,11,9
1170,Explain,Between garden east available Mr adult.,98.1,375.07,2025-04-14T16:04:30.857499,703,7
1171,Serve,Far sit every smile believe section foreign know.,10.58,117.43,2025-05-01T16:04:30.857519,4,5
1172,Voice,Go six listen enjoy.,88.58,380.17,2025-05-05T16:04:30.857537,923,4
1173,Also,Down face rich she environment sit.,22.66,329.57,2025-04-18T16:04:30.857559,108,7
1174,Degree,But world realize sell act continue choose.,51.48,232.75,2025-04-17T16:04:30.857578,339,7
1175,Process,Pay around can.,68.32,375.3,2025-04-16T16:04:30.857595,459,3
1176,Challenge,Own parent paper according build.,57.17,152.56,2025-05-11T16:04:30.857628,192,8
1177,Hope,Actually size assume market professional listen.,41.43,493.41,2025-04-25T16:04:30.857655,827,8
1178,Less,Send American play know white people he exactly.,45.06,188.84,2025-04-18T16:04:30.857682,450,4
1179,Score,Best population learn successful.,62.79,120.87,2025-04-24T16:04:30.857701,35,4
1180,Character,Add ground agency least.,66.99,448.53,2025-04-23T16:04:30.857720,59,3
1181,Foreign,Pay keep fight rock true.,30.98,219.71,2025-04-14T16:04:30.857738,722,9
1182,Member,Friend fear agree population affect.,77.63,408.8,2025-05-10T16:04:30.857763,362,7
1183,Lay,Age coach organization wall land season.,51.25,353.12,2025-04-28T16:04:30.857791,682,9
1184,Window,Inside section person tonight two possible.,93.68,473.7,2025-04-30T16:04:30.857813,466,8
1185,Cell,Thousand remain minute establish data.,32.93,290.79,2025-04-22T16:04:30.857831,273,1
1186,Main,Tonight fast figure himself thus.,13.94,165.98,2025-04-12T16:04:30.857848,297,1
1187,Mrs,Simply bill up professor ground small.,22.64,414.89,2025-05-03T16:04:30.857866,228,10
1188,Improve,Move become thousand democratic sometimes sign experience yeah.,45.69,468.64,2025-04-26T16:04:30.857885,198,6
1189,Just,Teach window home detail.,64.75,342.94,2025-04-14T16:04:30.857903,814,6
1190,Society,Past number approach happy church turn bring.,39.06,282.84,2025-04-22T16:04:30.857920,262,1
1191,Room,Far rise everybody game.,56.98,176.86,2025-04-14T16:04:30.857938,215,9
1192,Oil,Wind perform push risk product idea.,41.12,435.08,2025-04-20T16:04:30.857957,689,5
1193,Find,Tend note PM all about old over tell.,38.1,444.14,2025-04-20T16:04:30.857980,494,6
1194,Several,Thus work miss book.,88.48,196.74,2025-04-21T16:04:30.858009,957,9
1195,Our,Gun result recognize purpose scientist.,16.51,284.91,2025-05-05T16:04:30.858038,449,1
1196,Sound,Hotel affect family low movie evidence quality animal.,92.54,265.44,2025-04-27T16:04:30.858078,472,8
1197,Safe,Beautiful perhaps human edge local fine owner.,20.63,133.51,2025-04-15T16:04:30.858106,847,3
1198,Mother,Although boy until technology tell.,47.26,467.77,2025-04-26T16:04:30.858130,628,2
1199,Foreign,Financial agreement research really exactly.,83.62,324.05,2025-05-10T16:04:30.858156,850,7
1200,Prepare,Country both whether somebody win card reality.,13.54,172.98,2025-04-27T16:04:30.858178,226,3
1201,Fall,Himself wonder fear expert.,85.64,212.32,2025-04-23T16:04:30.858196,328,7
1202,Evening,Evidence arm score see.,19.66,459.95,2025-05-01T16:04:30.858215,555,4
1203,Alone,Low you couple view case.,74.0,411.21,2025-04-28T16:04:30.858232,620,8
1204,Laugh,Total hit board knowledge.,58.25,205.13,2025-04-19T16:04:30.858249,17,2
1205,Us,Discussion after difference them land.,65.34,385.05,2025-04-17T16:04:30.858268,751,7
1206,Between,Program western management organization.,32.39,214.54,2025-05-05T16:04:30.858289,676,1
1207,Prepare,Nature need floor vote occur think.,76.77,306.6,2025-05-09T16:04:30.858379,51,2
1208,Lead,Purpose image happy.,44.62,209.72,2025-05-05T16:04:30.858401,579,6
1209,Much,Stage garden its produce.,30.66,386.9,2025-04-29T16:04:30.858419,677,5
1210,Century,Set house statement rule majority loss.,29.94,432.89,2025-04-19T16:04:30.858439,67,9
1211,Happen,Few even oil reveal small admit.,37.68,231.6,2025-04-23T16:04:30.858467,644,8
1212,Own,Wall into together same between million figure.,35.81,169.38,2025-05-07T16:04:30.858486,16,9
1213,Past,Surface color staff.,55.44,247.43,2025-05-02T16:04:30.858504,26,3
1214,Cell,Use top responsibility establish.,88.92,162.94,2025-04-17T16:04:30.858522,523,2
1215,Possible,Despite report meeting Congress month.,22.2,183.4,2025-05-11T16:04:30.858542,794,8
1216,Almost,Tonight either certainly person institution bed.,61.25,378.58,2025-04-18T16:04:30.858561,241,3
1217,Front,Notice less different.,83.46,404.23,2025-04-23T16:04:30.858579,624,10
1218,We,Section simple group training plant agent.,21.93,299.89,2025-05-11T16:04:30.858597,111,10
1219,Meet,Goal her continue order clearly different Congress.,85.05,311.05,2025-04-23T16:04:30.858615,501,8
1220,Picture,Interesting reach low audience exactly.,37.78,483.49,2025-04-29T16:04:30.858632,669,3
1221,Surface,Word face woman manager save.,69.48,298.38,2025-05-05T16:04:30.858651,493,9
1222,Front,Population church project.,38.25,439.26,2025-04-20T16:04:30.858670,141,10
1223,When,Current response specific return less staff.,46.17,177.24,2025-04-22T16:04:30.858688,805,5
1224,Up,Drop former different learn trade three.,44.57,124.61,2025-04-13T16:04:30.858711,323,4
1225,Suggest,Top act good section.,40.88,277.04,2025-05-05T16:04:30.858740,676,4
1226,Particularly,How college bad watch.,33.41,368.96,2025-04-21T16:04:30.858777,18,6
1227,Girl,Growth maybe oil morning yet.,61.62,124.22,2025-05-02T16:04:30.858796,155,6
1228,Light,Manager despite seven view speech.,11.98,351.5,2025-04-12T16:04:30.858815,248,1
1229,Black,While move building reveal near either program.,11.12,478.27,2025-04-22T16:04:30.858837,69,1
1230,Sing,Key us need.,41.04,365.93,2025-04-16T16:04:30.858867,914,4
1231,Guy,Your single card total sister wife inside.,50.41,157.68,2025-04-21T16:04:30.858887,182,6
1232,Coach,Away hand commercial effort determine realize more sense.,75.53,414.33,2025-04-25T16:04:30.858906,392,1
1233,Us,Sea mention live catch have industry.,46.84,206.23,2025-04-29T16:04:30.858924,824,8
1234,Send,Road would account face not occur leader.,78.32,326.33,2025-04-15T16:04:30.858945,419,7
1235,Partner,Himself between identify black section hope development room.,25.42,300.72,2025-05-01T16:04:30.858964,890,9
1236,Finish,Last general family property instead which discover tree.,85.6,380.14,2025-04-14T16:04:30.858982,338,4
1237,Feeling,Whether share network performance money blue by benefit.,85.61,428.44,2025-04-19T16:04:30.859001,969,1
1238,Before,Energy man so buy attorney both federal.,96.09,458.63,2025-05-05T16:04:30.859019,807,9
1239,Moment,Peace fact radio gun war generation likely.,25.15,132.32,2025-05-11T16:04:30.859038,886,10
1240,Standard,Old candidate size simple notice Congress sell.,19.33,351.78,2025-05-04T16:04:30.859064,154,10
1241,Chance,Speech others smile wife.,64.18,201.74,2025-05-07T16:04:30.859089,756,7
1242,Myself,But among subject point trip at new.,12.45,473.04,2025-04-13T16:04:30.859114,509,2
1243,Center,Size result place imagine about business provide group.,42.25,368.99,2025-04-26T16:04:30.859143,242,9
1244,Build,High industry begin security suddenly scene claim.,42.02,394.46,2025-04-24T16:04:30.859168,346,5
1245,Stay,When everything effect check personal.,82.3,477.82,2025-04-12T16:04:30.859195,319,9
1246,Bring,Final either strong product sea until.,91.05,320.63,2025-04-13T16:04:30.859218,792,9
1247,Member,Trouble wife responsibility.,61.34,205.72,2025-05-03T16:04:30.859236,40,8
1248,Majority,List type full music position matter.,45.56,148.89,2025-04-23T16:04:30.859254,508,1
1249,Child,Church social see build.,11.86,396.24,2025-04-13T16:04:30.859272,261,10
1250,Action,Newspaper participant toward shoulder course first.,73.24,471.72,2025-05-03T16:04:30.859289,781,4
1251,Fly,Student song budget interest.,78.63,306.99,2025-04-24T16:04:30.859307,855,5
1252,School,Voice support budget difference church.,28.81,326.85,2025-04-22T16:04:30.859324,825,4
1253,Remain,Son although store economic himself easy own.,62.75,388.31,2025-05-03T16:04:30.859353,897,6
1254,Increase,Number cover writer give doctor each suggest.,24.63,447.35,2025-04-16T16:04:30.859373,339,1
1255,Give,Important later debate.,62.64,121.45,2025-04-16T16:04:30.859392,976,6
1256,Remain,Lot civil that onto economy.,42.69,350.66,2025-04-22T16:04:30.859410,507,7
1257,Result,Capital magazine true old century truth.,64.06,495.0,2025-04-12T16:04:30.859428,808,3
1258,Mind,Parent whose ground car too.,61.17,277.31,2025-04-22T16:04:30.859446,952,1
1259,Necessary,Career charge rest game worry hear.,95.37,292.68,2025-05-03T16:04:30.859464,839,5
1260,Stay,Rich guy decide actually new.,77.26,175.87,2025-04-29T16:04:30.859482,959,7
1261,Ground,Ball significant game author remain.,35.08,432.23,2025-04-28T16:04:30.859500,174,2
1262,Fly,National plant issue key.,69.3,163.8,2025-04-15T16:04:30.859524,965,9
1263,Create,Color trial public fund official movie.,66.89,317.83,2025-04-24T16:04:30.859546,773,7
1264,Window,Police admit student three yard war federal.,33.92,214.7,2025-04-25T16:04:30.859565,798,5
1265,Act,Vote rise range loss clear political than.,95.16,315.61,2025-04-29T16:04:30.859583,326,6
1266,Risk,Staff second including certainly girl may whether.,27.1,413.25,2025-05-07T16:04:30.859601,146,1
1267,Building,Truth happy skin analysis.,77.5,162.98,2025-05-03T16:04:30.859618,719,10
1268,Every,Memory bit picture once between gun.,44.57,286.19,2025-04-13T16:04:30.859637,576,7
1269,Begin,Mrs fish others.,67.3,419.59,2025-05-06T16:04:30.859654,234,1
1270,Grow,Country do offer up those.,42.6,492.64,2025-04-17T16:04:30.859672,697,4
1271,All,His imagine court.,66.78,351.5,2025-04-27T16:04:30.859690,20,4
1272,Their,Improve toward practice why bank group.,61.44,197.59,2025-04-17T16:04:30.859708,968,7
1273,Lot,Commercial garden meet summer chance act.,17.01,279.82,2025-05-05T16:04:30.859726,731,8
1274,Item,Practice success similar yard himself.,87.74,458.09,2025-05-07T16:04:30.859745,722,2
1275,Wear,Type easy house decade future her trouble.,96.22,166.63,2025-05-11T16:04:30.859763,67,7
1276,Case,Performance only read star.,67.13,476.22,2025-04-20T16:04:30.859780,448,6
1277,She,Exactly character special walk nothing describe.,64.87,137.16,2025-04-12T16:04:30.859806,505,1
1278,Challenge,Century maybe third top record threat.,78.63,181.91,2025-04-24T16:04:30.859836,396,7
1279,Exist,Note model best type daughter always again whatever.,79.79,350.63,2025-04-24T16:04:30.859856,714,1
1280,Young,War behind present do.,62.44,242.48,2025-04-30T16:04:30.859875,130,10
1281,Perform,Impact form painting dog provide subject group move.,73.94,231.92,2025-04-12T16:04:30.859893,408,8
1282,Set,Do car fast hair sea.,92.88,155.0,2025-04-14T16:04:30.859913,580,6
1283,Personal,Back with American find side good number.,42.49,128.68,2025-05-04T16:04:30.859945,114,9
1284,Threat,Grow medical guess according.,52.4,226.5,2025-05-08T16:04:30.859966,866,1
1285,Day,Daughter feeling why similar long.,38.33,462.2,2025-05-06T16:04:30.859984,651,5
1286,Eight,Song east purpose.,46.58,157.71,2025-04-16T16:04:30.860001,414,5
1287,Ever,Woman ever reflect whom.,56.03,166.0,2025-05-10T16:04:30.860019,138,8
1288,Street,Group too face easy member compare.,73.48,386.79,2025-05-05T16:04:30.860037,48,9
1289,Contain,According order tree total determine structure early.,13.91,322.42,2025-05-05T16:04:30.860055,715,7
1290,Focus,Speech treat sing health maintain.,95.47,238.53,2025-04-30T16:04:30.860073,833,2
1291,Understand,Difference new discuss fear know head.,17.27,170.6,2025-04-20T16:04:30.860090,207,5
1292,Defense,Firm discover official prevent sit card.,39.51,383.76,2025-05-07T16:04:30.860109,266,9
1293,Beyond,Project decade themselves option bag.,94.2,499.42,2025-04-16T16:04:30.860128,775,8
1294,Receive,Final eye raise list police on.,59.75,116.4,2025-04-30T16:04:30.860155,182,9
1295,Board,Article bed before entire.,13.04,403.32,2025-05-08T16:04:30.860183,970,2
1296,Later,Beat why radio exist.,27.36,416.62,2025-05-01T16:04:30.860205,245,8
1297,Participant,Effect adult sport according.,57.0,384.1,2025-05-11T16:04:30.860234,671,3
1298,Process,Successful gas again camera fund character success adult.,52.88,322.81,2025-04-29T16:04:30.860254,85,9
1299,Yes,Purpose his record front compare.,40.9,425.37,2025-04-14T16:04:30.860283,107,7
1300,Serve,Area series live.,64.68,328.54,2025-04-22T16:04:30.860302,854,7
1301,Treatment,Clearly interest best mother similar girl receive.,56.12,494.91,2025-05-09T16:04:30.860332,652,2
1302,Behind,Least nothing property avoid center.,22.25,470.28,2025-04-17T16:04:30.860352,752,3
1303,Green,Seem serve any century their.,11.73,454.49,2025-04-18T16:04:30.860370,46,7
1304,Especially,Subject science growth air seem but.,68.09,379.84,2025-05-07T16:04:30.860388,399,1
1305,Tonight,Music above bank guess interesting charge million summer.,64.04,417.99,2025-04-17T16:04:30.860415,367,2
1306,Yourself,Without example anything eat care.,46.74,276.84,2025-05-01T16:04:30.860441,924,10
1307,Dream,Red through hear fish bring.,78.08,369.25,2025-04-30T16:04:30.860459,870,8
1308,Business,Word from she here question reflect scene.,47.1,113.24,2025-05-07T16:04:30.860484,271,4
1309,See,Radio system you wish.,95.44,126.57,2025-04-15T16:04:30.860511,127,1
1310,West,Government energy sport mouth huge develop.,41.57,171.66,2025-05-01T16:04:30.860533,708,1
1311,Drug,House way member begin camera fire.,39.05,416.51,2025-05-05T16:04:30.860551,893,8
1312,Check,Expect other for watch.,52.89,443.33,2025-04-29T16:04:30.860569,883,7
1313,Nor,Charge staff reason.,81.17,443.52,2025-04-20T16:04:30.860587,29,9
1314,Hard,Response task glass.,18.61,430.8,2025-04-22T16:04:30.860615,368,2
1315,Near,City mean class job anyone.,52.42,114.19,2025-05-11T16:04:30.860634,529,5
1316,Few,Organization small tell.,96.38,101.29,2025-04-22T16:04:30.860654,161,9
1317,Right,Thing when system the sister while.,72.64,165.06,2025-05-06T16:04:30.860672,943,3
1318,Provide,Listen social national resource black four start machine.,67.61,197.79,2025-05-10T16:04:30.860691,957,10
1319,Mind,Either pretty hold help.,39.54,110.52,2025-05-10T16:04:30.860709,641,7
1320,Least,Group itself air painting.,13.98,196.88,2025-04-21T16:04:30.860727,337,3
1321,Recognize,Forget security listen while nor amount.,96.96,241.48,2025-04-17T16:04:30.860746,900,7
1322,School,President deal station sport.,51.66,450.73,2025-04-16T16:04:30.860763,396,10
1323,Cell,Tough care unit.,79.37,165.69,2025-04-30T16:04:30.860781,6,7
1324,Worker,Message education hot popular.,74.66,169.61,2025-04-16T16:04:30.860799,20,1
1325,Add,We garden security another area buy.,84.17,304.53,2025-04-13T16:04:30.860816,49,2
1326,Time,Food magazine strategy thank responsibility likely.,61.57,159.93,2025-04-16T16:04:30.860836,690,7
1327,Participant,Seem not store.,80.89,268.08,2025-04-30T16:04:30.860854,936,6
1328,Sometimes,Push above several turn idea man.,74.01,469.09,2025-04-23T16:04:30.860876,523,4
1329,True,Rock coach agree someone task.,58.0,130.15,2025-04-25T16:04:30.860905,580,6
1330,Alone,More training girl adult life safe positive.,96.94,273.18,2025-04-25T16:04:30.860924,252,8
1331,Strong,Right natural small direction life scene.,44.36,466.62,2025-04-19T16:04:30.860942,661,8
1332,Federal,Beyond speak perhaps among PM.,45.74,332.97,2025-05-08T16:04:30.860960,259,5
1333,Concern,Game lot it sort fall camera situation.,89.65,249.35,2025-04-12T16:04:30.860978,619,10
1334,Evidence,Finally hold social people past.,80.16,450.82,2025-04-20T16:04:30.861003,42,10
1335,Team,Fire manager what great ahead rest.,38.94,419.43,2025-05-02T16:04:30.861030,110,9
1336,Itself,Despite wind citizen wait fly themselves.,88.99,120.44,2025-05-04T16:04:30.861049,402,1
1337,Success,Six ready management appear up bring.,79.1,392.67,2025-04-24T16:04:30.861068,444,2
1338,Model,Full talk service.,74.19,342.07,2025-04-17T16:04:30.861085,174,6
1339,Kid,Realize southern material nation boy.,52.69,164.44,2025-05-11T16:04:30.861103,886,5
1340,Now,Study pick heart more message.,78.56,145.89,2025-04-23T16:04:30.861121,354,3
1341,Enter,Send as truth.,66.57,406.69,2025-05-02T16:04:30.861140,532,1
1342,Material,Program understand past happen car young shoulder.,27.61,482.98,2025-04-17T16:04:30.861158,741,10
1343,Me,Movie ready one use near able word.,39.22,252.67,2025-04-13T16:04:30.861176,299,9
1344,Research,Me different find small nothing camera.,48.81,373.21,2025-04-20T16:04:30.861194,385,4
1345,Day,Whether interview local attention.,41.22,153.73,2025-05-01T16:04:30.861245,366,3
1346,Pressure,Thousand federal modern reduce our.,12.81,331.1,2025-04-26T16:04:30.861278,78,2
1347,Create,Stay four technology our their camera.,80.0,318.42,2025-04-29T16:04:30.861309,142,3
1348,Even,But within upon clear moment law if.,23.77,166.62,2025-04-12T16:04:30.861340,538,3
1349,Professor,Part however church network citizen nearly force.,83.71,243.43,2025-05-10T16:04:30.861369,639,5
1350,Eye,Arm material service cut per.,74.48,234.73,2025-04-15T16:04:30.861389,822,7
1351,Money,Quality think model difficult organization television.,79.61,205.45,2025-04-17T16:04:30.861408,351,9
1352,Attorney,Though recent yeah cup.,97.17,313.72,2025-04-16T16:04:30.861426,935,7
1353,Edge,Article apply attention south hot hear fear.,98.61,397.77,2025-04-21T16:04:30.861444,241,7
1354,However,Party serve relationship create identify.,41.19,479.54,2025-04-28T16:04:30.861464,314,7
1355,Whom,Growth Congress economic long.,99.63,425.36,2025-05-03T16:04:30.861492,997,3
1356,Pass,Realize lay interest although candidate some.,23.29,333.81,2025-05-02T16:04:30.861516,722,9
1357,Class,Argue other buy everybody well teach.,19.61,411.93,2025-05-04T16:04:30.861534,210,10
1358,Argue,Draw population north challenge.,67.99,492.71,2025-04-15T16:04:30.861566,274,10
1359,Whom,Character office sign factor several.,25.18,135.07,2025-04-13T16:04:30.861584,11,2
1360,Growth,Of drive might employee ever teach as.,90.32,427.13,2025-04-27T16:04:30.861603,326,2
1361,Tonight,Put central upon skill wish someone bed.,70.84,248.27,2025-05-04T16:04:30.861623,260,8
1362,Story,Name property opportunity west discover PM growth big.,83.09,192.26,2025-04-17T16:04:30.861642,576,9
1363,Daughter,Population stand reason.,84.45,132.1,2025-05-09T16:04:30.861660,521,3
1364,Cultural,Exactly age movement break.,12.32,357.64,2025-04-17T16:04:30.861690,900,9
1365,Experience,Both social station.,46.8,364.6,2025-04-26T16:04:30.861717,726,7
1366,Simple,Happy service whose fact picture.,33.77,335.39,2025-05-11T16:04:30.861736,398,3
1367,Important,So popular for father family her marriage fight.,89.67,326.41,2025-05-11T16:04:30.861754,385,2
1368,Military,Money full idea response threat.,67.97,262.67,2025-04-19T16:04:30.861773,519,8
1369,Key,Whom season subject report.,13.52,348.38,2025-04-20T16:04:30.861793,854,9
1370,Reach,View mouth change other left.,54.13,358.35,2025-04-27T16:04:30.861811,272,3
1371,Call,Else church board pass officer from discuss big.,30.68,246.36,2025-04-21T16:04:30.861829,873,10
1372,Financial,Its shoulder fish.,84.84,158.31,2025-04-14T16:04:30.861847,986,2
1373,In,Pattern establish picture artist low admit.,53.03,326.88,2025-04-25T16:04:30.861866,570,2
1374,Compare,Surface fill wall become themselves.,33.9,192.63,2025-04-15T16:04:30.861885,304,3
1375,Billion,Catch most center debate gun science.,42.35,138.57,2025-05-03T16:04:30.861902,885,1
1376,Possible,Successful federal summer take.,84.07,155.59,2025-04-29T16:04:30.861920,204,1
1377,Form,Through add case oil.,12.98,262.34,2025-05-04T16:04:30.861938,774,10
1378,Hotel,Natural computer various threat difference community cell.,54.13,376.48,2025-05-11T16:04:30.861963,485,9
1379,Radio,These health audience station whose.,41.26,412.23,2025-05-09T16:04:30.861992,100,1
1380,Cell,Fact site thousand cover.,31.75,299.6,2025-04-21T16:04:30.862010,282,4
1381,Marriage,Change fact argue another network.,10.81,242.59,2025-04-28T16:04:30.862027,949,6
1382,Expert,Start bed choose move.,18.25,222.6,2025-04-25T16:04:30.862045,232,6
1383,Word,Consumer similar dark claim.,96.72,444.43,2025-04-16T16:04:30.862062,238,5
1384,Ok,Young popular push four wait heart.,94.23,397.21,2025-04-27T16:04:30.862094,676,6
1385,Hair,All school whom paper open.,35.46,345.35,2025-05-08T16:04:30.862117,798,2
1386,Move,Hand level type nice.,46.11,300.6,2025-04-27T16:04:30.862136,235,6
1387,Thought,Above service tax customer difference others.,66.89,244.14,2025-04-20T16:04:30.862154,368,7
1388,Nothing,Loss customer yourself fly feeling group must.,79.06,386.03,2025-04-21T16:04:30.862174,888,2
1389,Want,Former point support attorney similar toward drop.,53.18,217.25,2025-04-26T16:04:30.862193,158,6
1390,Thing,Since process above performance shoulder.,93.96,397.59,2025-05-11T16:04:30.862211,979,6
1391,Degree,General there sister somebody training cell.,54.94,144.88,2025-04-24T16:04:30.862229,999,7
1392,Step,Its control direction house improve.,51.83,285.25,2025-05-11T16:04:30.862247,580,10
1393,Certainly,Top worker health Democrat lay city.,29.86,260.32,2025-04-21T16:04:30.862265,499,4
1394,Police,Financial individual according purpose whether visit.,38.31,373.88,2025-04-14T16:04:30.862284,484,6
1395,Official,Specific member red agreement strong.,45.48,479.97,2025-05-08T16:04:30.862323,991,7
1396,Win,Lose run reality until item throw we.,98.58,330.58,2025-04-13T16:04:30.862344,417,2
1397,Church,Manager people wear religious.,33.71,390.45,2025-04-17T16:04:30.862367,116,3
1398,Economy,Rest ever argue them yourself fast court seat.,81.75,246.3,2025-04-19T16:04:30.862395,976,1
1399,Both,Tax chance we series girl.,10.73,314.3,2025-04-16T16:04:30.862421,120,10
1400,Region,Month lot bill perhaps production financial clear house.,64.53,465.08,2025-04-14T16:04:30.862443,759,8
1401,Usually,Charge national mother long seem out.,27.79,101.6,2025-05-10T16:04:30.862461,637,7
1402,Best,Consumer with maintain sign think travel.,16.01,171.68,2025-04-19T16:04:30.862482,233,7
1403,Phone,Generation sometimes others million others recognize nearly.,44.37,423.15,2025-04-25T16:04:30.862500,216,7
1404,Though,Idea case wonder buy.,97.85,117.44,2025-04-20T16:04:30.862518,30,10
1405,Each,Music tough pass night born evening series.,41.24,247.62,2025-04-22T16:04:30.862538,694,8
1406,Share,Cover number pretty kid always write.,67.67,338.77,2025-04-14T16:04:30.862565,258,2
1407,Minute,Various and kid young theory hit police.,74.34,209.88,2025-05-04T16:04:30.862591,146,10
1408,Nation,Once many look necessary teacher degree pick.,79.49,155.23,2025-04-18T16:04:30.862610,587,6
1409,Floor,Somebody rate number happen generation might ten unit.,28.15,303.7,2025-04-15T16:04:30.862630,574,2
1410,As,Evidence only wide manager audience head.,72.38,290.37,2025-04-28T16:04:30.862649,915,8
1411,Here,Nature suggest without add.,52.28,282.51,2025-04-22T16:04:30.862666,132,7
1412,Spring,Material example protect receive stuff.,32.9,132.34,2025-04-28T16:04:30.862684,344,4
1413,Century,Least suggest possible claim send seven.,50.84,241.07,2025-05-06T16:04:30.862711,958,7
1414,Face,Nearly avoid thing.,12.15,389.64,2025-04-12T16:04:30.862730,566,7
1415,Main,Get wonder work marriage five her red rather.,96.27,410.33,2025-04-19T16:04:30.862755,440,4
1416,Sport,Push season military radio.,32.79,290.56,2025-04-19T16:04:30.862778,452,5
1417,Of,Under story us during high catch.,42.4,294.99,2025-05-11T16:04:30.862796,952,3
1418,They,Until technology really data.,97.2,309.43,2025-04-14T16:04:30.862814,193,5
1419,Wear,Mission nature speak skill piece idea arrive.,93.95,352.73,2025-04-15T16:04:30.862832,969,1
1420,Head,Style it son very eat tell recently local.,23.96,115.64,2025-05-09T16:04:30.862851,637,3
1421,Which,Over word force.,78.92,287.97,2025-05-03T16:04:30.862878,193,7
1422,Forget,On while piece heart sort prove.,54.65,167.84,2025-04-13T16:04:30.862902,806,6
1423,Statement,Couple need world actually food.,89.89,373.15,2025-04-28T16:04:30.862921,193,6
1424,Like,Focus sound charge full teacher increase agent.,26.49,469.31,2025-05-04T16:04:30.862940,872,10
1425,Simple,Note position see.,62.44,161.71,2025-05-04T16:04:30.862958,633,8
1426,Bring,Throw before since television computer daughter thank all.,90.9,328.72,2025-04-18T16:04:30.862976,613,8
1427,Recognize,Month Mrs for involve.,12.96,295.62,2025-05-01T16:04:30.862993,864,6
1428,Energy,Learn human car fly.,60.02,179.36,2025-04-13T16:04:30.863011,64,3
1429,Office,Factor itself address.,31.86,449.79,2025-05-01T16:04:30.863030,230,2
1430,Similar,Whole pattern opportunity not.,87.58,403.14,2025-04-25T16:04:30.863059,947,5
1431,Or,Everyone study or happy.,89.69,235.92,2025-05-03T16:04:30.863082,197,3
1432,Radio,Catch police never never candidate small.,43.54,437.45,2025-05-04T16:04:30.863101,449,7
1433,Piece,Population prepare air go might establish against.,49.5,365.63,2025-05-09T16:04:30.863119,480,2
1434,Form,Man enough rich follow.,23.19,401.91,2025-05-06T16:04:30.863137,160,7
1435,Interesting,Onto none phone no concern me avoid citizen.,95.56,383.39,2025-04-18T16:04:30.863162,914,6
1436,Plan,Design likely clearly laugh ten.,73.38,109.49,2025-04-18T16:04:30.863188,90,7
1437,Only,Cultural arm final middle debate indicate meet.,62.69,449.69,2025-04-25T16:04:30.863209,554,4
1438,Reveal,Onto opportunity face.,67.0,484.31,2025-05-03T16:04:30.863227,140,9
1439,Sign,Old decide old.,67.87,296.39,2025-04-24T16:04:30.863244,557,9
1440,State,New high poor last true.,15.94,342.33,2025-05-05T16:04:30.863262,505,1
1441,His,Thus animal although whose huge travel family break.,28.36,347.19,2025-04-23T16:04:30.863280,320,2
1442,Week,Make pull view.,77.05,407.18,2025-04-19T16:04:30.863298,629,1
1443,International,Exist lose trouble.,62.91,483.38,2025-04-23T16:04:30.863316,158,8
1444,Break,Similar expert song ago.,33.26,337.81,2025-04-20T16:04:30.863333,900,4
1445,Nearly,Herself defense order.,44.44,398.65,2025-05-11T16:04:30.863350,348,4
1446,Owner,Go scientist open successful.,84.17,206.29,2025-04-14T16:04:30.863372,46,3
1447,Benefit,Compare letter wife make control mission.,38.4,334.09,2025-04-27T16:04:30.863397,65,9
1448,Thousand,Scene week manager enjoy type apply she most.,53.15,228.46,2025-05-05T16:04:30.863415,894,1
1449,Art,Class stand south piece success bank eye.,20.49,343.25,2025-05-11T16:04:30.863435,986,3
1450,Make,May feeling person officer.,78.55,454.18,2025-04-15T16:04:30.863463,723,7
1451,Person,Pm democratic then among.,32.31,352.1,2025-04-20T16:04:30.863489,394,2
1452,End,Opportunity church high level.,40.94,250.12,2025-05-07T16:04:30.863513,653,4
1453,Ask,Ball test candidate instead tree recent.,77.05,317.15,2025-04-13T16:04:30.863531,347,9
1454,Task,Visit paper could business hand nation bit.,59.7,165.41,2025-04-27T16:04:30.863549,840,1
1455,Medical,Television response draw few reflect marriage account medical.,67.34,203.89,2025-04-16T16:04:30.863568,353,2
1456,Act,Radio future over floor.,65.21,267.64,2025-05-07T16:04:30.863586,777,2
1457,Opportunity,True future various debate current single exist.,32.64,142.57,2025-04-14T16:04:30.863604,882,10
1458,Any,Ago under reflect usually system.,21.54,114.83,2025-05-08T16:04:30.863626,801,4
1459,Deal,Possible necessary rule stay argue.,41.26,323.56,2025-05-04T16:04:30.863655,223,3
1460,War,Model friend reduce third onto.,72.43,484.79,2025-04-24T16:04:30.863676,207,10
1461,Center,Music create mind those friend everybody draw.,72.85,276.15,2025-04-17T16:04:30.863694,276,6
1462,Left,Pick food technology method bring.,97.65,319.36,2025-04-18T16:04:30.863712,222,8
1463,As,Performance artist toward land public age professional send.,84.54,493.47,2025-04-20T16:04:30.863730,575,1
1464,Question,Research who take office heart.,17.5,427.91,2025-04-21T16:04:30.863753,894,6
1465,Fly,Drug other without possible once plant painting.,13.16,345.07,2025-04-21T16:04:30.863777,823,2
1466,General,Poor give ready sister television which.,24.98,210.85,2025-04-18T16:04:30.863796,526,9
1467,Little,Value moment human whatever product of himself.,41.17,280.19,2025-04-25T16:04:30.863814,515,9
1468,Two,Hand allow report everything.,84.83,149.96,2025-04-30T16:04:30.863843,475,6
1469,Power,Trip space organization always area beyond ahead.,25.67,197.17,2025-04-25T16:04:30.863864,690,5
1470,Member,Trip policy drop hope Mrs story short.,12.82,434.36,2025-05-02T16:04:30.863882,866,5
1471,Star,Old past if enough home former bank.,16.86,490.36,2025-04-22T16:04:30.863900,325,9
1472,Discussion,Between billion matter within party early their.,68.81,215.69,2025-05-07T16:04:30.863918,726,4
1473,Product,Turn worker land happen certain.,86.45,377.23,2025-04-16T16:04:30.863938,266,10
1474,Institution,South probably difficult job.,15.05,256.06,2025-04-20T16:04:30.863966,597,4
1475,Value,Popular hit positive nor seek.,32.81,225.79,2025-05-07T16:04:30.863987,546,8
1476,Organization,Kid send create focus.,90.04,383.6,2025-04-25T16:04:30.864005,384,3
1477,House,Sort hot truth price.,56.86,193.17,2025-05-07T16:04:30.864022,489,7
1478,Rule,Year interest them together.,12.75,133.36,2025-04-15T16:04:30.864039,845,3
1479,Trade,Everything run inside generation want image score.,91.37,484.16,2025-04-12T16:04:30.864058,915,6
1480,Season,Early front draw seat.,57.29,150.7,2025-04-19T16:04:30.864085,512,5
1481,Assume,Office sea democratic tell information.,34.17,273.17,2025-05-04T16:04:30.864104,960,1
1482,You,Work expect authority news central too indicate art.,24.78,454.88,2025-04-28T16:04:30.864131,366,4
1483,Window,Line skill ahead war.,32.43,189.3,2025-04-21T16:04:30.864156,808,3
1484,Present,Capital need situation wonder event.,26.77,493.19,2025-04-29T16:04:30.864176,28,3
1485,That,Trade century into newspaper media.,30.94,428.43,2025-04-25T16:04:30.864194,948,3
1486,Lot,List meet campaign new.,31.9,324.43,2025-05-10T16:04:30.864212,854,10
1487,Data,Finally candidate market city probably next reality.,71.31,398.25,2025-04-28T16:04:30.864237,793,5
1488,Television,Wide piece reflect herself foreign.,81.87,442.34,2025-05-04T16:04:30.864263,760,1
1489,Benefit,Forward party reality open my cultural debate develop.,74.97,416.2,2025-05-09T16:04:30.864283,205,1
1490,Start,Relationship several news relate cell approach new.,47.08,253.03,2025-04-24T16:04:30.864301,218,7
1491,Control,Exist arrive two.,57.99,297.78,2025-04-16T16:04:30.864318,877,2
1492,General,Seem make long best pick.,57.95,459.75,2025-05-10T16:04:30.864336,84,1
1493,Hot,Line catch land wrong health.,96.54,493.55,2025-05-05T16:04:30.864353,406,8
1494,Approach,Threat week college wrong care.,70.67,493.89,2025-04-23T16:04:30.864372,678,7
1495,Such,Sign lose change according none art allow.,33.24,131.58,2025-05-06T16:04:30.864390,162,10
1496,Raise,Parent report commercial billion vote general.,31.84,184.75,2025-04-13T16:04:30.864408,780,1
1497,Moment,First fact strong.,56.01,127.75,2025-04-26T16:04:30.864425,255,8
1498,Nature,Detail give hot option key travel event.,73.91,458.9,2025-05-03T16:04:30.864447,138,10
1499,Price,Class teach pass protect save where be.,66.42,304.36,2025-04-12T16:04:30.864472,613,3
1500,Factor,Claim spring or occur race indeed.,41.61,243.83,2025-05-08T16:04:30.864492,987,5
1501,Work,Various investment believe suddenly economy reduce.,55.16,375.62,2025-04-16T16:04:30.864511,24,8
1502,Dream,Nice technology attack conference already hotel consumer.,82.62,474.16,2025-05-09T16:04:30.864540,205,10
1503,Officer,Success table pay this individual main blood.,45.72,289.94,2025-04-26T16:04:30.864566,143,8
1504,Recently,Of know few cell suffer decade interesting read.,83.68,475.09,2025-05-04T16:04:30.864591,935,6
1505,Pattern,Mission both single say.,41.41,355.51,2025-04-24T16:04:30.864609,406,10
1506,Effect,Year affect prove reflect current mind treatment.,46.11,458.24,2025-04-21T16:04:30.864627,691,10
1507,Hear,Especially option well Democrat ready.,85.9,176.34,2025-04-18T16:04:30.864644,272,9
1508,Religious,Station middle number plan find sell nice.,25.07,156.97,2025-05-01T16:04:30.864662,530,9
1509,Vote,Letter senior consumer ready artist art control.,79.98,303.02,2025-05-08T16:04:30.864680,664,8
1510,It,Defense chair production radio outside yet.,92.54,204.33,2025-04-21T16:04:30.864700,468,9
1511,Degree,Time reason model government five station stock.,14.69,392.07,2025-04-20T16:04:30.864730,470,2
1512,Method,Day leg some market author nothing.,11.65,339.28,2025-05-09T16:04:30.864752,263,1
1513,Note,Consider reduce perform language.,84.29,187.42,2025-05-10T16:04:30.864770,190,10
1514,Various,Expect professor it station.,25.62,486.34,2025-04-23T16:04:30.864788,625,5
1515,Information,More many box so discuss.,10.81,496.33,2025-04-12T16:04:30.864806,22,10
1516,Get,Similar board thing record.,92.48,167.82,2025-05-09T16:04:30.864828,318,4
1517,Glass,Little face moment so data bit.,45.37,300.42,2025-04-23T16:04:30.864852,879,6
1518,Hit,Both option effort grow last board reflect.,17.9,273.34,2025-04-15T16:04:30.864870,717,1
1519,Start,Movie discuss serve popular recognize notice.,79.13,106.7,2025-04-29T16:04:30.864887,280,6
1520,Blood,Letter capital hour from forget view.,76.45,448.37,2025-04-24T16:04:30.864911,202,6
1521,Black,Wall carry head worker.,26.6,172.35,2025-05-03T16:04:30.864932,155,10
1522,In,Until partner about necessary instead civil process.,63.23,263.67,2025-05-02T16:04:30.864953,964,4
1523,President,Join produce or onto available pass movie.,91.53,122.61,2025-05-10T16:04:30.864971,619,1
1524,Value,Performance mean professional health measure.,68.17,359.65,2025-04-16T16:04:30.864989,515,2
1525,Meet,Share process want may recently.,47.74,233.37,2025-05-11T16:04:30.865007,642,10
1526,Foot,Building continue within expert picture across these.,27.02,125.52,2025-04-16T16:04:30.865036,324,5
1527,Work,Interesting world effort admit key.,53.74,293.02,2025-05-11T16:04:30.865059,339,5
1528,Star,Film first head early study.,90.62,132.08,2025-05-07T16:04:30.865084,773,3
1529,Range,Community team everyone option suffer gas.,90.82,305.46,2025-04-29T16:04:30.865107,732,7
1530,His,Fight test forward writer tree manage line.,64.72,269.09,2025-04-17T16:04:30.865125,623,7
1531,Network,School indicate relationship dream rock.,78.97,374.82,2025-05-08T16:04:30.865143,961,2
1532,Factor,Total member follow fill into.,62.61,145.46,2025-04-17T16:04:30.865163,765,8
1533,Fish,Should medical rather present talk.,36.48,391.86,2025-05-03T16:04:30.865180,783,7
1534,Floor,Style type responsibility material teach anyone.,33.6,414.27,2025-05-02T16:04:30.865207,365,9
1535,Perform,Development everything might support here program.,84.27,420.92,2025-04-12T16:04:30.865259,42,10
1536,Argue,Hold not wear future style interesting ago.,11.33,410.44,2025-04-16T16:04:30.865289,910,2
1537,Customer,Forward maybe wife provide need just.,46.73,413.74,2025-04-27T16:04:30.865319,908,1
1538,If,Responsibility television bill opportunity top color maintain.,38.2,428.1,2025-04-14T16:04:30.865347,720,7
1539,Station,Outside result memory prevent.,67.95,400.05,2025-04-19T16:04:30.865366,50,4
1540,Cell,Feeling fund quite four culture watch.,47.12,467.92,2025-04-12T16:04:30.865384,49,10
1541,Consider,Thing mouth simply these pick.,80.38,153.86,2025-05-05T16:04:30.865402,721,5
1542,Note,Half bring safe.,46.6,456.93,2025-05-08T16:04:30.865419,560,1
1543,Important,Beyond near ability yes.,76.84,278.83,2025-04-29T16:04:30.865440,149,9
1544,Serious,Teach political big head.,94.73,151.72,2025-04-18T16:04:30.865466,603,3
1545,Choose,Design seem blue section unit may shake.,84.77,331.04,2025-04-21T16:04:30.865486,275,5
1546,Speak,Also expect leave yourself might discover read.,29.05,374.17,2025-05-09T16:04:30.865504,652,1
1547,Media,Attack dog rise sea happen any hot.,57.11,411.49,2025-05-10T16:04:30.865523,11,5
1548,Writer,Him station beautiful.,23.91,157.2,2025-05-06T16:04:30.865553,520,3
1549,Pressure,New enter only physical each.,94.45,146.69,2025-04-22T16:04:30.865571,7,6
1550,Friend,Pressure executive west.,85.38,232.78,2025-05-06T16:04:30.865588,65,2
1551,Institution,Range stuff learn ground subject base skill.,43.57,202.29,2025-04-22T16:04:30.865617,699,8
1552,Region,Season result eight treat key.,52.35,311.05,2025-04-14T16:04:30.865641,324,8
1553,Couple,Body argue lose lose.,44.53,261.92,2025-04-27T16:04:30.865660,565,7
1554,Campaign,Next how evening word bad.,56.68,462.67,2025-04-16T16:04:30.865686,660,7
1555,Know,Technology thus may join see take someone.,84.59,305.06,2025-04-16T16:04:30.865705,901,2
1556,Friend,Describe sometimes realize man.,22.89,114.74,2025-05-02T16:04:30.865723,579,2
1557,Education,Pull people reflect I especially.,69.78,310.22,2025-04-30T16:04:30.865741,310,6
1558,Think,Church near push.,94.45,447.87,2025-04-27T16:04:30.865758,412,10
1559,Understand,Dinner notice she truth serve evidence girl.,83.34,397.83,2025-05-10T16:04:30.865777,638,8
1560,Tonight,Organization democratic late say by east four model.,56.12,193.69,2025-04-28T16:04:30.865806,39,7
1561,Respond,Current final ask music.,80.35,247.03,2025-05-07T16:04:30.865828,525,1
1562,Tax,Until song example dark reality understand enter.,32.48,131.7,2025-04-15T16:04:30.865847,377,7
1563,Action,Health behind already way big yeah.,78.99,198.31,2025-04-12T16:04:30.865865,532,9
1564,Air,Claim to social town.,20.05,117.06,2025-04-23T16:04:30.865885,41,6
1565,Phone,Reduce image wait human shake attack.,26.18,208.44,2025-04-27T16:04:30.865910,775,7
1566,Size,Ten right trial help.,10.12,359.51,2025-04-19T16:04:30.865932,671,8
1567,Protect,Job go you.,76.86,454.97,2025-05-03T16:04:30.865951,823,3
1568,Of,You short follow know into face two total.,92.98,404.72,2025-04-27T16:04:30.865983,539,3
1569,Smile,Face know attorney huge.,84.98,378.44,2025-05-03T16:04:30.866008,900,10
1570,Value,Traditional hear establish appear.,53.53,465.55,2025-05-04T16:04:30.866026,466,10
1571,Many,Determine artist response continue behind what race.,63.98,490.49,2025-04-17T16:04:30.866044,627,8
1572,Talk,Agency create her then.,38.37,231.78,2025-04-25T16:04:30.866062,582,3
1573,Tough,East community though time military mother drug attorney.,56.12,257.19,2025-04-23T16:04:30.866080,391,5
1574,Reflect,Republican executive believe reflect my.,31.66,202.71,2025-04-19T16:04:30.866107,550,10
1575,Father,New share perform more require.,87.93,454.1,2025-04-26T16:04:30.866133,244,10
1576,Third,Way next short class.,40.4,353.62,2025-04-22T16:04:30.866151,250,3
1577,Actually,Fire remember response religious lose house.,85.97,203.42,2025-04-17T16:04:30.866169,550,10
1578,Analysis,Hospital writer top itself.,20.33,468.84,2025-04-27T16:04:30.866186,210,3
1579,Most,Anything attention situation expect glass.,64.03,342.49,2025-05-04T16:04:30.866204,822,2
1580,Drug,Tree team magazine myself.,58.67,461.99,2025-04-21T16:04:30.866221,400,5
1581,Including,Weight ask risk sound.,56.06,242.23,2025-04-25T16:04:30.866239,323,1
1582,Also,Free successful yet.,13.9,482.68,2025-05-01T16:04:30.866256,852,3
1583,Huge,Quickly drive however television pay government future.,86.22,283.88,2025-04-20T16:04:30.866282,514,5
1584,Great,East instead course style beyond.,71.98,268.49,2025-04-22T16:04:30.866308,869,7
1585,Tv,These not term crime interesting.,14.9,465.96,2025-05-10T16:04:30.866327,61,6
1586,Than,My others majority my perform.,98.49,405.4,2025-05-01T16:04:30.866344,738,9
1587,Indicate,Sit leg state doctor current common.,49.43,319.63,2025-04-25T16:04:30.866371,874,8
1588,Week,Bank for scientist source base machine.,43.75,478.47,2025-04-14T16:04:30.866393,744,2
1589,Security,Kind case trouble I.,99.6,416.36,2025-04-14T16:04:30.866411,519,1
1590,Could,Who design former network senior.,86.91,333.43,2025-04-22T16:04:30.866428,979,10
1591,Material,Rather defense well personal decade.,99.52,460.55,2025-04-19T16:04:30.866446,21,1
1592,Miss,Their before mention Mrs trouble analysis.,80.98,429.61,2025-05-05T16:04:30.866464,320,2
1593,Month,Reflect cup often hair.,83.42,448.25,2025-05-04T16:04:30.866482,132,10
1594,Audience,Four most me bar senior too similar.,94.81,468.99,2025-04-28T16:04:30.866506,982,4
1595,Source,Past direction goal per teacher.,35.0,164.34,2025-04-17T16:04:30.866524,605,4
1596,Whole,Whether little she despite hit.,22.32,450.49,2025-04-20T16:04:30.866560,508,5
1597,Establish,Understand ten section with bring.,23.07,346.87,2025-04-18T16:04:30.866579,81,3
1598,Message,Wait my notice until.,90.84,365.87,2025-04-17T16:04:30.866597,204,10
1599,Increase,Decide risk boy thousand happen show.,11.55,315.59,2025-04-27T16:04:30.866624,695,3
1600,Stop,Author reason middle difference put general ready southern.,77.98,396.78,2025-04-14T16:04:30.866645,920,10
1601,Since,Young land grow remember.,86.71,446.73,2025-05-07T16:04:30.866663,614,4
1602,Them,Team over market like town.,10.37,158.23,2025-04-18T16:04:30.866688,759,10
1603,Article,Country pattern and star mention very majority public.,70.79,267.86,2025-04-16T16:04:30.866716,497,9
1604,Difficult,Once talk such product.,13.7,228.18,2025-04-19T16:04:30.866745,686,3
1605,Compare,Brother big rule citizen different sit.,51.1,366.0,2025-04-26T16:04:30.866772,237,5
1606,Travel,Media system drug draw.,70.78,176.31,2025-04-23T16:04:30.866792,502,5
1607,Property,Personal threat everything stop minute list.,41.74,335.86,2025-04-21T16:04:30.866822,224,5
1608,Break,Anyone board which gas important leave serve.,59.71,127.13,2025-04-24T16:04:30.866841,117,10
1609,Pay,Yet none camera table.,91.76,138.99,2025-05-09T16:04:30.866871,142,8
1610,Well,Majority during response summer party eye describe.,22.98,205.38,2025-05-05T16:04:30.866903,550,4
1611,Interest,Forget chair candidate hard.,78.52,171.88,2025-04-14T16:04:30.866935,272,8
1612,Evidence,Crime now fill manage.,97.68,251.09,2025-04-13T16:04:30.866955,353,7
1613,Course,She well stop dog call recently.,76.2,254.2,2025-04-16T16:04:30.866979,791,9
1614,Cover,Exactly affect news down.,61.23,362.77,2025-04-21T16:04:30.867009,632,8
1615,Identify,Fire thank coach federal catch ago activity.,56.46,330.61,2025-04-25T16:04:30.867030,216,8
1616,Home,Save dog center that federal interest.,28.31,495.93,2025-04-15T16:04:30.867048,549,7
1617,With,Course tell great head everybody.,20.94,369.72,2025-05-05T16:04:30.867078,670,3
1618,Food,Scene lay thought Mr southern natural.,12.91,193.97,2025-04-15T16:04:30.867109,613,7
1619,Step,Then collection old establish.,46.58,455.12,2025-04-29T16:04:30.867130,218,9
1620,Everybody,Gun training room leader sell by.,27.88,297.22,2025-04-18T16:04:30.867148,947,2
1621,Might,Guy huge ask water heavy among.,56.19,341.91,2025-04-29T16:04:30.867167,591,9
1622,Woman,Write assume sport.,67.51,273.22,2025-04-24T16:04:30.867194,886,5
1623,Apply,Laugh world question agreement network hospital growth.,70.54,289.06,2025-05-02T16:04:30.867218,618,1
1624,Newspaper,Seven bed enter answer research.,41.57,492.13,2025-05-07T16:04:30.867237,211,1
1625,Professional,Player campaign gas others sell two.,97.72,276.78,2025-04-28T16:04:30.867255,699,4
1626,Wonder,Happy process herself support.,84.31,158.2,2025-04-26T16:04:30.867272,484,2
1627,Issue,Note eat hotel contain become add.,64.38,434.54,2025-04-21T16:04:30.867290,402,6
1628,Fact,With cup management realize commercial cost.,76.42,474.88,2025-05-10T16:04:30.867311,732,5
1629,Tree,For defense big quite plan article use attorney.,88.96,136.38,2025-04-15T16:04:30.867330,847,8
1630,Affect,Exist agree book.,43.35,348.92,2025-04-14T16:04:30.867352,236,3
1631,Amount,Information here performance fast pressure specific answer crime.,46.84,451.93,2025-05-09T16:04:30.867382,19,8
1632,Sound,Chair unit right write product huge than.,35.46,307.36,2025-05-02T16:04:30.867402,380,3
1633,Adult,Item security million put successful.,20.42,229.27,2025-05-03T16:04:30.867420,743,2
1634,Than,Watch fund drop contain outside option you leave.,42.35,424.65,2025-04-18T16:04:30.867439,206,5
1635,Feeling,Decision five eat after analysis media.,56.93,270.11,2025-05-05T16:04:30.867457,756,7
1636,Place,Point expert along recently over direction ability trade.,45.53,157.95,2025-04-14T16:04:30.867475,295,3
1637,Learn,Soon save identify black who run activity.,57.4,432.21,2025-04-27T16:04:30.867494,359,3
1638,Create,Pass to letter produce choose military.,62.69,450.6,2025-04-25T16:04:30.867512,272,4
1639,Age,Skill management grow difficult.,20.51,163.95,2025-04-26T16:04:30.867530,939,9
1640,Seem,Serve home agency go power view.,48.14,172.61,2025-04-13T16:04:30.867548,307,8
1641,Three,Maintain strong notice trip physical money.,61.56,373.3,2025-05-02T16:04:30.867566,949,2
1642,Majority,Network property to he spring plan.,19.09,199.01,2025-04-13T16:04:30.867584,31,10
1643,More,Son hotel evening he yes.,17.76,428.77,2025-05-05T16:04:30.867602,600,5
1644,Him,Main send money its lawyer which matter including.,73.24,417.41,2025-04-17T16:04:30.867620,244,2
1645,Tree,Election part Congress institution include political like.,71.09,332.89,2025-05-05T16:04:30.867638,799,9
1646,Carry,None degree score only wrong feeling.,24.39,299.17,2025-05-11T16:04:30.867656,644,4
1647,Probably,Sound after movie beyond rather your.,11.18,158.27,2025-05-01T16:04:30.867673,692,3
1648,I,Although front school eight ready but how.,87.78,488.62,2025-05-09T16:04:30.867700,782,10
1649,Each,Policy animal number lead.,65.86,128.1,2025-04-20T16:04:30.867721,98,5
1650,Including,Girl keep course teach such improve huge.,66.07,331.3,2025-04-20T16:04:30.867739,593,7
1651,Window,Enough population success country arrive.,99.28,383.59,2025-04-16T16:04:30.867756,848,8
1652,Medical,Upon benefit spend skin forget toward its.,15.28,233.81,2025-05-02T16:04:30.867774,418,7
1653,Entire,Simple nor dog treat energy light.,91.5,493.55,2025-05-02T16:04:30.867792,248,4
1654,Feel,Mouth hair best carry interesting myself nice board.,79.85,337.43,2025-04-16T16:04:30.867810,254,9
1655,Citizen,Because though mean water well west with.,29.17,228.55,2025-05-09T16:04:30.867830,11,5
1656,Address,Tv letter add book author staff.,47.87,308.19,2025-04-16T16:04:30.867849,728,6
1657,Only,Certainly great industry real.,74.42,362.66,2025-04-24T16:04:30.867866,947,4
1658,Policy,Indeed listen short current.,36.84,278.62,2025-05-02T16:04:30.867884,277,4
1659,Professional,Act case development environment red.,82.08,205.47,2025-05-06T16:04:30.867904,314,2
1660,Almost,Clear according from whose no.,43.11,280.53,2025-04-24T16:04:30.867931,990,8
1661,Dream,Available data decision exactly generation.,14.68,410.92,2025-04-21T16:04:30.867959,523,10
1662,Few,Actually before music report.,79.48,287.81,2025-05-08T16:04:30.867977,583,9
1663,Report,Water moment whatever.,27.52,435.14,2025-04-20T16:04:30.867994,110,7
1664,Bring,Necessary others cultural direction skin remain simply cold.,73.72,179.94,2025-05-10T16:04:30.868012,483,5
1665,Else,Special power simply child.,56.38,153.95,2025-04-27T16:04:30.868030,275,3
1666,Prove,Approach brother later name month democratic different.,72.46,183.89,2025-04-20T16:04:30.868048,726,2
1667,Role,Start chair impact.,69.18,274.99,2025-04-22T16:04:30.868065,637,4
1668,Or,Approach source part letter share walk.,39.74,411.97,2025-04-16T16:04:30.868112,986,2
1669,Threat,Day themselves already system.,32.5,404.71,2025-05-11T16:04:30.868137,484,8
1670,Arrive,Affect American future right.,25.64,435.3,2025-04-25T16:04:30.868163,870,7
1671,Difference,Onto dog them something be than partner.,46.91,334.05,2025-04-14T16:04:30.868187,572,8
1672,Beat,Short assume teach.,21.79,107.21,2025-05-07T16:04:30.868205,538,7
1673,Live,My teach economic chair really.,68.91,195.74,2025-05-02T16:04:30.868223,739,2
1674,Kind,Street continue maybe different.,47.97,370.45,2025-04-21T16:04:30.868241,616,3
1675,Left,Season speak born nation set yet.,37.12,311.21,2025-04-29T16:04:30.868267,685,6
1676,Against,Religious than ball that glass within.,10.01,158.63,2025-04-14T16:04:30.868293,348,6
1677,Tend,Speech red beautiful employee become all.,50.71,180.16,2025-04-23T16:04:30.868311,903,10
1678,Task,Century can attention father.,51.51,318.8,2025-04-26T16:04:30.868329,410,1
1679,Social,Wonder what left environmental reason short less society.,19.29,143.75,2025-05-05T16:04:30.868347,213,5
1680,Law,Young off teach attention word ago leg.,59.03,300.91,2025-04-21T16:04:30.868365,911,2
1681,Hear,Industry pick watch try couple he.,19.21,346.99,2025-05-05T16:04:30.868386,63,4
1682,Sign,Gun allow guess water group nearly.,92.89,145.39,2025-04-17T16:04:30.868405,456,3
1683,Offer,Any article main democratic population tax.,24.91,203.88,2025-05-08T16:04:30.868426,711,3
1684,Seek,Know new offer economic film arm staff like.,49.59,432.87,2025-04-12T16:04:30.868458,575,7
1685,Run,Task data option order.,11.47,149.96,2025-04-21T16:04:30.868476,85,7
1686,Fine,Baby our price turn others.,28.78,389.59,2025-04-19T16:04:30.868494,475,10
1687,Turn,Situation particular our yard authority agency my matter.,55.42,434.94,2025-04-17T16:04:30.868512,436,1
1688,Story,Sometimes relationship hold hair best sit organization choice.,63.01,488.22,2025-05-01T16:04:30.868531,240,5
1689,Meet,It if imagine walk.,41.21,226.22,2025-05-02T16:04:30.868550,874,8
1690,Nothing,Research sit your I marriage although.,89.25,387.41,2025-04-20T16:04:30.868568,353,5
1691,Bar,Here guy can defense back leg.,79.79,175.42,2025-04-19T16:04:30.868586,922,8
1692,Nothing,Somebody number hour skin actually ahead.,39.12,110.27,2025-04-27T16:04:30.868605,637,5
1693,Yard,Majority trade friend office carry.,70.8,109.38,2025-04-15T16:04:30.868623,471,9
1694,Carry,Film which west play wonder seek.,83.67,173.7,2025-05-08T16:04:30.868641,399,10
1695,Her,Serve carry fish tax option.,39.86,154.03,2025-04-27T16:04:30.868658,424,8
1696,Effort,West coach upon theory wonder identify performance.,81.29,450.97,2025-04-23T16:04:30.868675,13,4
1697,Make,Brother very because ground again.,61.04,128.18,2025-04-16T16:04:30.868693,676,2
1698,Best,Soldier with current TV own mean list.,74.72,377.7,2025-04-29T16:04:30.868710,415,10
1699,List,Really teach room likely everything.,35.1,132.41,2025-04-12T16:04:30.868728,558,8
1700,At,Probably surface third south.,74.57,237.75,2025-05-11T16:04:30.868745,3,4
1701,Protect,Or sort prove per service old us discuss.,65.5,432.88,2025-05-09T16:04:30.868767,909,7
1702,Land,Everything skill reality fight.,50.4,306.02,2025-04-21T16:04:30.868800,66,1
1703,Girl,Three western how create item off couple entire.,17.75,252.19,2025-04-25T16:04:30.868823,391,4
1704,Treat,Make easy yard notice crime.,35.49,488.72,2025-04-29T16:04:30.868845,1,7
1705,Billion,Successful organization beat clear where final may.,67.17,369.67,2025-04-16T16:04:30.868864,409,7
1706,Even,Capital seat level scientist begin.,92.61,258.56,2025-05-11T16:04:30.868882,998,10
1707,Industry,Although long long fill check dark quite.,74.96,221.49,2025-04-29T16:04:30.868901,379,5
1708,Somebody,Attack class class.,47.69,465.48,2025-05-02T16:04:30.868922,791,3
1709,Which,Picture figure become beautiful pay action ever.,41.2,270.36,2025-04-26T16:04:30.868940,318,2
1710,Case,Southern source scene specific carry place these.,71.35,496.1,2025-04-19T16:04:30.868958,386,1
1711,Item,Agree main fly.,66.24,163.24,2025-05-08T16:04:30.868986,913,8
1712,Fire,Anyone either week reach movement value side somebody.,88.95,410.52,2025-04-17T16:04:30.869007,966,10
1713,Account,Tree mother very when world.,12.88,359.94,2025-04-17T16:04:30.869030,11,9
1714,Left,Record officer today free see pick rule.,98.88,467.36,2025-04-25T16:04:30.869054,692,7
1715,Entire,Writer region herself forget.,26.16,259.34,2025-04-21T16:04:30.869072,981,9
1716,Yeah,Interest simple worry can analysis our during individual.,13.41,292.06,2025-05-10T16:04:30.869090,918,2
1717,Eye,Film themselves free assume where five since.,69.49,289.97,2025-05-05T16:04:30.869107,290,5
1718,Work,Occur full case region too.,37.16,113.89,2025-05-08T16:04:30.869125,274,6
1719,Before,Thought still professional firm goal.,78.41,128.06,2025-05-06T16:04:30.869143,667,5
1720,Page,National road of high mean arm fast source.,29.78,473.35,2025-05-02T16:04:30.869161,317,9
1721,Certainly,Degree argue identify.,93.47,251.67,2025-04-14T16:04:30.869187,435,1
1722,Skill,Finish until forward five establish from minute.,13.84,470.39,2025-04-23T16:04:30.869212,8,5
1723,Religious,Past fire service Republican design pattern despite.,37.79,101.47,2025-05-01T16:04:30.869276,45,3
1724,Address,Suffer letter third soon form politics network.,88.75,447.28,2025-04-27T16:04:30.869307,665,2
1725,Example,Court trade it on nor almost you.,62.7,109.07,2025-05-05T16:04:30.869336,575,3
1726,Throw,Must similar science degree interview possible.,81.6,131.66,2025-04-14T16:04:30.869363,623,2
1727,Night,Meet condition prove task pressure exactly.,28.16,140.94,2025-04-27T16:04:30.869382,444,2
1728,She,Something authority skin.,20.36,387.33,2025-04-26T16:04:30.869401,514,3
1729,Hospital,Build million fill individual hospital middle wonder price.,58.59,156.14,2025-04-23T16:04:30.869429,748,7
1730,These,Research international now page kind religious production.,56.03,133.22,2025-04-28T16:04:30.869448,982,1
1731,Live,Later size concern goal ability image.,75.74,321.66,2025-04-15T16:04:30.869466,747,7
1732,Yourself,Sometimes system real religious special whom no.,90.67,311.92,2025-04-22T16:04:30.869484,576,10
1733,Rest,Else artist popular thing.,59.2,463.61,2025-04-19T16:04:30.869511,580,2
1734,Young,Close chair everything protect safe current.,23.72,262.63,2025-05-06T16:04:30.869549,990,6
1735,Call,Man home child per report scene.,76.17,477.01,2025-04-28T16:04:30.869573,383,1
1736,Keep,Among history north student cut.,10.72,158.11,2025-05-05T16:04:30.869592,698,4
1737,Sound,Mr season nor return send us whether.,68.72,155.6,2025-04-15T16:04:30.869610,849,8
1738,Community,Lead may friend strong up need spend risk.,76.12,366.99,2025-04-20T16:04:30.869639,990,5
1739,Great,Including dog rule enter other piece according then.,83.56,449.01,2025-04-17T16:04:30.869662,940,6
1740,Floor,Nice police indeed industry father.,83.19,230.08,2025-05-02T16:04:30.869685,98,9
1741,Young,Research movement charge inside other.,81.39,158.7,2025-04-20T16:04:30.869703,329,4
1742,Machine,Order miss why say outside describe.,67.13,347.42,2025-05-04T16:04:30.869721,249,6
1743,Social,Win those young structure.,81.93,408.01,2025-04-20T16:04:30.869738,794,7
1744,Various,Foreign send apply guess.,60.16,113.76,2025-04-22T16:04:30.869756,238,7
1745,Glass,Hospital remember wear factor team program.,13.04,403.13,2025-04-29T16:04:30.869774,277,3
1746,Official,Hard strategy hit common shake center suddenly learn.,92.78,119.62,2025-04-20T16:04:30.869792,741,2
1747,Group,Go run might ground many indicate.,99.62,359.77,2025-04-12T16:04:30.869810,793,5
1748,Happen,General word girl development example child direction ok.,30.41,495.4,2025-05-11T16:04:30.869828,839,3
1749,Ever,Mother environment some not fast man during.,32.81,470.73,2025-05-08T16:04:30.869853,537,2
1750,Or,Well war local forward.,25.39,180.5,2025-04-30T16:04:30.869881,625,10
1751,Senior,Notice woman beautiful top ball price lose soon.,16.66,214.78,2025-05-04T16:04:30.869899,695,1
1752,Institution,Season economy professor ground.,33.22,112.99,2025-05-01T16:04:30.869916,163,6
1753,Despite,Animal area pass end building.,25.48,262.41,2025-04-30T16:04:30.869934,562,4
1754,Account,Thing summer human policy either official.,92.33,113.6,2025-04-29T16:04:30.869952,772,4
1755,Suddenly,Ever statement raise relate really plan age.,50.85,319.15,2025-04-26T16:04:30.869972,608,10
1756,Accept,Form performance itself tell.,96.56,485.49,2025-04-23T16:04:30.869990,374,2
1757,Local,Certainly thousand recent speak they piece practice.,79.42,107.66,2025-04-23T16:04:30.870017,191,8
1758,Move,Whose the tax water standard.,88.25,191.99,2025-05-03T16:04:30.870058,752,7
1759,Responsibility,Site career meet raise act me final.,78.78,106.9,2025-05-09T16:04:30.870089,954,4
1760,Section,Mean collection work white.,65.32,298.24,2025-05-06T16:04:30.870114,402,3
1761,Maintain,Tend service we there.,23.85,272.12,2025-04-26T16:04:30.870136,848,4
1762,Painting,Carry charge also them.,32.74,380.72,2025-04-17T16:04:30.870157,931,10
1763,Feel,Shake activity believe because wear prevent cold staff.,10.2,464.52,2025-05-05T16:04:30.870175,190,2
1764,Result,Either agreement power sort such dream.,99.65,200.87,2025-04-24T16:04:30.870193,263,9
1765,Day,Offer wonder ten.,91.25,269.05,2025-04-29T16:04:30.870210,746,7
1766,According,Speak type within entire since cover.,54.14,148.87,2025-05-01T16:04:30.870234,323,5
1767,Else,Carry indeed out consumer for go throw write.,32.72,214.67,2025-05-01T16:04:30.870258,527,1
1768,Line,Their effort particular our matter year letter.,54.99,358.82,2025-04-28T16:04:30.870282,208,7
1769,World,Participant business cost within people look into.,34.5,362.8,2025-04-25T16:04:30.870306,740,1
1770,Stock,Another week close want box future.,96.89,266.38,2025-04-14T16:04:30.870326,975,5
1771,Short,Election first with lose high.,74.12,111.15,2025-04-27T16:04:30.870352,696,7
1772,Their,Allow theory cell government.,95.34,240.52,2025-04-27T16:04:30.870370,537,8
1773,Business,Medical old fly protect well office wonder.,60.03,393.49,2025-05-10T16:04:30.870388,487,10
1774,Future,Right ok child all.,26.65,335.27,2025-04-12T16:04:30.870405,622,6
1775,Themselves,Oil hard worker model under answer phone continue.,28.92,272.74,2025-04-19T16:04:30.870423,100,3
1776,Unit,Example everybody cause inside.,80.95,281.81,2025-04-16T16:04:30.870440,957,8
1777,Weight,Meet for again article rate.,38.41,276.65,2025-05-04T16:04:30.870463,159,8
1778,Heavy,Certain peace single message charge occur TV how.,80.42,438.28,2025-04-27T16:04:30.870481,350,9
1779,Type,Billion dinner agree.,75.1,496.76,2025-05-06T16:04:30.870498,46,6
1780,Cell,Goal term item.,93.01,206.26,2025-05-08T16:04:30.870515,548,10
1781,Down,Shoulder court activity north organization on morning.,18.66,457.79,2025-04-28T16:04:30.870533,144,3
1782,Tax,Individual capital song full life help name perhaps.,15.75,236.65,2025-04-13T16:04:30.870551,28,8
1783,Way,Treat ask stand development because.,52.38,329.89,2025-04-13T16:04:30.870568,143,8
1784,Perform,Picture two resource some again box other return.,60.68,325.7,2025-04-14T16:04:30.870596,310,6
1785,Rule,Church member laugh someone bill.,92.8,452.82,2025-05-11T16:04:30.870624,380,1
1786,Officer,Trial simple game like person ok necessary.,39.69,452.84,2025-05-01T16:04:30.870645,694,2
1787,Almost,Beautiful last go whose chance add.,37.58,224.03,2025-04-30T16:04:30.870671,375,3
1788,Early,Site modern west late.,79.35,363.2,2025-04-27T16:04:30.870689,415,7
1789,Someone,Least most ever general.,66.96,137.44,2025-05-09T16:04:30.870716,274,8
1790,Effort,Rule know subject ever this.,48.87,297.63,2025-04-24T16:04:30.870744,149,7
1791,Agree,Word cold every.,82.88,405.02,2025-05-02T16:04:30.870773,790,4
1792,Surface,Learn beyond someone leg feeling.,34.09,423.93,2025-04-26T16:04:30.870796,330,6
1793,Green,Term buy always friend.,36.22,424.35,2025-04-22T16:04:30.870815,252,3
1794,Dinner,Animal wonder cold.,51.5,151.89,2025-04-22T16:04:30.870832,823,4
1795,Player,I read big suddenly tonight leader take.,54.75,139.66,2025-04-30T16:04:30.870857,620,8
1796,Low,Especially draw range condition option.,75.63,170.5,2025-05-03T16:04:30.870883,324,3
1797,Fine,Sit American word to agent minute.,34.51,243.15,2025-05-04T16:04:30.870902,120,2
1798,Church,Price stop ok history method.,44.1,403.79,2025-04-21T16:04:30.870924,342,1
1799,No,Call investment ever cold election.,27.03,360.19,2025-05-02T16:04:30.870948,192,3
1800,Fish,Capital arrive radio.,86.31,164.45,2025-04-19T16:04:30.870965,82,9
1801,Could,Few behind prove daughter rather model receive.,90.58,458.7,2025-04-15T16:04:30.870982,53,7
1802,Mouth,Which deal test.,76.98,257.04,2025-04-27T16:04:30.871000,680,3
1803,Rather,Stand director outside food campaign.,73.62,124.02,2025-04-15T16:04:30.871017,155,2
1804,Key,Number type nothing middle meeting risk side.,85.14,343.4,2025-04-15T16:04:30.871035,289,2
1805,Star,Mention everything third project evidence late.,61.9,140.77,2025-05-09T16:04:30.871054,766,5
1806,Well,Tell hear create mouth against join.,86.07,261.78,2025-04-17T16:04:30.871072,544,8
1807,Every,Activity nature rock race public likely.,73.24,405.86,2025-05-02T16:04:30.871100,179,7
1808,Back,Care if drive.,33.48,458.28,2025-05-11T16:04:30.871119,166,2
1809,Could,Might science suffer some day memory.,29.03,308.53,2025-05-10T16:04:30.871137,785,6
1810,Must,Decade order or piece.,70.82,282.88,2025-05-10T16:04:30.871154,675,2
1811,Store,Current public need own culture.,39.88,270.31,2025-05-07T16:04:30.871171,310,8
1812,Move,Value fill thank city today similar.,82.8,156.87,2025-04-17T16:04:30.871198,512,4
1813,Nothing,Speech read politics past long.,93.65,127.01,2025-05-11T16:04:30.871230,784,8
1814,Wife,Really far media receive base both create.,49.08,244.93,2025-04-19T16:04:30.871262,124,6
1815,List,Significant then receive want yet.,22.06,195.51,2025-04-29T16:04:30.871293,323,8
1816,Campaign,Water day item couple change whole.,87.43,336.31,2025-05-02T16:04:30.871318,878,8
1817,For,Have by back certain daughter citizen age.,91.13,494.41,2025-05-10T16:04:30.871338,277,5
1818,Including,Space heart talk hair just.,11.64,374.07,2025-05-11T16:04:30.871368,185,5
1819,Respond,Our loss Mrs reflect.,27.61,319.83,2025-05-08T16:04:30.871388,113,5
1820,Summer,Paper popular market believe manage.,49.57,144.76,2025-04-26T16:04:30.871407,543,9
1821,Article,Room position think true official arm.,60.53,325.56,2025-05-05T16:04:30.871434,675,7
1822,Thought,Television have whose.,88.31,227.68,2025-05-07T16:04:30.871452,346,4
1823,Identify,Pressure with address arm country new walk.,99.87,496.72,2025-04-16T16:04:30.871470,533,1
1824,Region,Notice this you look fear page.,97.78,293.25,2025-04-16T16:04:30.871496,2,2
1825,Drop,Blue try occur firm form.,60.58,108.47,2025-04-16T16:04:30.871514,784,2
1826,Debate,Decision water explain a.,14.95,463.05,2025-05-03T16:04:30.871542,199,2
1827,Remain,Officer institution receive popular yes.,70.77,403.59,2025-05-05T16:04:30.871570,182,6
1828,Laugh,World listen possible argue draw control five.,95.99,494.6,2025-04-28T16:04:30.871590,635,6
1829,Really,National these good force morning wish some.,90.64,184.71,2025-05-05T16:04:30.871615,41,10
1830,Throw,Less positive article their allow.,76.32,328.02,2025-05-10T16:04:30.871638,457,1
1831,None,Safe begin head.,47.34,410.4,2025-04-14T16:04:30.871664,593,3
1832,Cause,Individual control must today leg hot campaign.,93.81,456.75,2025-04-22T16:04:30.871701,769,5
1833,Cell,Young personal share professor church party appear.,89.47,411.03,2025-04-26T16:04:30.871727,351,9
1834,Design,Type century clearly indeed president activity stage.,47.2,232.55,2025-04-20T16:04:30.871752,529,5
1835,Line,Difficult nothing throw during stay country process.,49.93,314.15,2025-04-24T16:04:30.871771,687,6
1836,Expect,Think study last along.,93.68,496.79,2025-05-06T16:04:30.871788,288,1
1837,Single,Seem go receive thing.,29.27,463.78,2025-04-26T16:04:30.871808,771,5
1838,Ground,Necessary audience local.,46.29,396.0,2025-05-08T16:04:30.871837,877,3
1839,Every,Interest heavy heart wall too.,92.75,172.38,2025-04-18T16:04:30.871869,974,3
1840,Doctor,Eye think shake political movie lose.,66.21,470.17,2025-04-14T16:04:30.871900,891,5
1841,Night,Democrat way industry result life.,55.23,302.99,2025-04-30T16:04:30.871923,876,3
1842,Eye,Share support commercial appear take.,69.52,149.44,2025-05-11T16:04:30.871941,255,7
1843,Evidence,Thousand common trade war beat today.,97.17,147.37,2025-04-13T16:04:30.871958,529,1
1844,Level,Ago ten various wall mouth large.,73.27,497.85,2025-05-07T16:04:30.871981,765,2
1845,Yeah,Cause talk effort of.,89.47,336.92,2025-04-16T16:04:30.872009,577,4
1846,Close,Recognize change list data agency.,68.15,247.12,2025-04-15T16:04:30.872031,386,8
1847,Time,Success remember above surface today.,21.31,329.81,2025-04-28T16:04:30.872049,209,10
1848,South,Station all allow.,30.14,339.28,2025-04-26T16:04:30.872076,618,5
1849,Risk,Ground those many start class too must she.,18.59,267.93,2025-04-15T16:04:30.872096,768,4
1850,Us,Else firm example girl.,94.64,152.97,2025-05-11T16:04:30.872123,705,5
1851,Next,Popular but claim school.,34.81,370.87,2025-04-17T16:04:30.872145,457,6
1852,Focus,Than professor sport today turn charge free amount.,59.16,402.08,2025-04-24T16:04:30.872177,12,1
1853,Others,Road discuss drop light likely.,26.98,274.65,2025-04-19T16:04:30.872204,822,6
1854,Leg,Its building woman pattern bad human usually.,93.36,336.09,2025-04-22T16:04:30.872226,68,8
1855,Anything,Season tax indicate find clear behavior appear center.,64.72,219.48,2025-04-24T16:04:30.872255,893,1
1856,Single,Thus face long whose fill.,41.04,168.44,2025-04-14T16:04:30.872283,574,5
1857,Politics,Decision hundred strong civil direction wonder.,94.94,103.48,2025-05-07T16:04:30.872314,636,3
1858,Style,House first clearly attack.,87.08,394.11,2025-04-30T16:04:30.872345,346,8
1859,Interest,Sport audience song military able each.,86.02,377.62,2025-05-07T16:04:30.872376,399,5
1860,Day,Sit heavy leg want candidate simply make bank.,52.14,112.63,2025-05-09T16:04:30.872407,25,8
1861,Mother,Rate stand stuff late mention environment window.,83.0,153.6,2025-05-08T16:04:30.872442,308,6
1862,Control,Above stuff light democratic.,36.8,163.06,2025-05-07T16:04:30.872488,456,1
1863,Pretty,Cell threat including sister reflect.,64.81,463.04,2025-04-25T16:04:30.872516,827,1
1864,Perform,Garden room doctor upon.,36.88,172.18,2025-04-30T16:04:30.872537,827,3
1865,Program,We computer way.,17.04,445.98,2025-04-28T16:04:30.872554,885,8
1866,Safe,Watch set article war rich.,88.29,469.53,2025-05-02T16:04:30.872578,798,3
1867,Nation,Point mother decade me.,91.66,428.74,2025-04-22T16:04:30.872604,136,9
1868,Hope,Commercial education exactly support.,42.36,336.76,2025-05-08T16:04:30.872642,85,2
1869,Official,Former sure lead total truth.,31.81,181.69,2025-05-10T16:04:30.872672,735,4
1870,College,Day year culture day give.,12.49,442.97,2025-04-22T16:04:30.872700,271,6
1871,Left,Our laugh central.,63.09,277.73,2025-04-28T16:04:30.872725,768,1
1872,Arrive,Include glass responsibility statement operation voice drop.,38.04,278.86,2025-05-11T16:04:30.872767,867,4
1873,Scientist,Idea baby democratic change media.,88.85,395.01,2025-04-27T16:04:30.872795,16,9
1874,Both,Deal film future federal future sit increase.,83.78,392.15,2025-05-04T16:04:30.872821,820,6
1875,Crime,Area answer charge.,29.29,488.36,2025-04-23T16:04:30.872848,301,3
1876,Bed,Recently stock gas local it.,25.94,386.89,2025-04-18T16:04:30.872876,829,2
1877,Might,Try main unit financial financial building.,41.72,251.81,2025-04-21T16:04:30.872904,832,5
1878,Strategy,Huge section thing anyone international claim.,73.97,349.53,2025-04-17T16:04:30.872932,886,7
1879,Protect,Agreement relate effect.,12.49,481.0,2025-05-08T16:04:30.872962,80,3
1880,State,Through great fish school it alone hour cultural.,93.4,265.27,2025-04-14T16:04:30.872992,693,10
1881,Recently,Decade whatever guy case difference media late.,32.5,127.89,2025-04-22T16:04:30.873019,761,8
1882,Establish,Local hope moment us final himself expert.,98.67,386.79,2025-05-07T16:04:30.873050,101,3
1883,Example,Measure while call value.,82.95,164.68,2025-05-01T16:04:30.873077,603,10
1884,Eight,Writer provide candidate oil care find.,14.35,483.61,2025-05-06T16:04:30.873108,267,4
1885,Material,Car anything eye so.,58.3,297.95,2025-04-12T16:04:30.873135,665,1
1886,Arm,Believe much away public quickly listen anything.,63.48,169.36,2025-05-06T16:04:30.873172,675,4
1887,Listen,Foreign bring so which beat cost.,56.89,330.38,2025-04-30T16:04:30.873201,90,3
1888,Government,Hear least people detail.,43.54,318.6,2025-05-07T16:04:30.873250,1,10
1889,Tax,Federal long spend treat road.,40.1,224.61,2025-04-29T16:04:30.873280,811,4
1890,Condition,Cut machine safe respond rather point Congress.,62.27,105.86,2025-04-25T16:04:30.873311,363,2
1891,Clearly,Pick open sing economy significant decide begin.,39.58,212.7,2025-05-06T16:04:30.873338,355,2
1892,This,Hot sometimes wear.,37.04,160.49,2025-04-13T16:04:30.873365,741,1
1893,Together,Friend water their security.,85.36,339.19,2025-05-08T16:04:30.873405,411,1
1894,City,Participant create single carry.,48.88,428.52,2025-04-30T16:04:30.873434,477,5
1895,Employee,Both way short.,83.15,171.03,2025-04-30T16:04:30.873472,466,9
1896,Free,Charge case stop.,16.08,410.81,2025-05-03T16:04:30.873500,45,2
1897,There,Say hold lay allow itself right.,21.46,254.08,2025-04-17T16:04:30.873571,752,4
1898,Blood,Let itself decide who.,68.58,143.9,2025-05-09T16:04:30.873600,42,7
1899,Stock,Kid amount nature language amount sometimes wonder.,46.48,213.91,2025-05-08T16:04:30.873629,390,1
1900,Like,Respond building leave happen image our.,70.34,352.41,2025-04-28T16:04:30.873658,206,9
1901,Total,Big north good make little.,83.04,338.75,2025-05-03T16:04:30.873685,34,7
1902,Month,Contain money pretty expect trouble.,54.32,489.71,2025-04-13T16:04:30.873711,858,4
1903,Interview,Play ball special gun sister article.,40.45,391.45,2025-04-30T16:04:30.873738,202,4
1904,Face,A right high people.,13.21,148.55,2025-05-06T16:04:30.873756,332,6
1905,Across,Allow front house very she keep music believe.,75.96,417.93,2025-04-17T16:04:30.873781,591,7
1906,Low,Truth happen so better appear order pattern.,34.81,478.15,2025-05-07T16:04:30.873799,827,2
1907,Cold,Partner product especially movement significant.,78.11,489.92,2025-05-09T16:04:30.873821,940,8
1908,Hotel,Own treat well sign special type.,24.61,252.62,2025-04-19T16:04:30.873839,420,7
1909,Arm,Where rather represent professor.,21.59,353.1,2025-05-10T16:04:30.873856,638,6
1910,Seat,Us tax indicate floor product common character ability.,92.71,357.69,2025-04-28T16:04:30.873875,234,4
1911,Many,Test near effect white prove other glass individual.,56.17,295.01,2025-04-30T16:04:30.873894,747,2
1912,Establish,Who moment later ground his agreement there.,58.63,162.16,2025-04-17T16:04:30.873912,311,1
1913,Must,Where risk dinner until.,38.72,153.35,2025-05-02T16:04:30.873929,541,10
1914,Garden,Brother fact nature soon skin building.,81.05,319.05,2025-04-20T16:04:30.873949,14,6
1915,View,Against say modern argue.,22.39,306.52,2025-05-04T16:04:30.873966,456,10
1916,Wait,Price guess someone person senior end probably describe.,34.3,267.29,2025-05-11T16:04:30.873994,793,1
1917,Day,If Mr teach marriage.,77.63,336.15,2025-04-18T16:04:30.874022,346,2
1918,Task,Agreement add director decision Republican put measure.,72.49,207.97,2025-04-23T16:04:30.874040,852,5
1919,Program,Administration also other help traditional fill according.,15.23,206.68,2025-04-15T16:04:30.874058,368,5
1920,Thus,System subject painting partner senior do.,27.53,236.88,2025-04-19T16:04:30.874078,851,4
1921,Need,Short more police much put describe.,26.92,252.0,2025-04-29T16:04:30.874096,258,3
1922,Involve,Around quality join position girl government performance energy.,97.32,239.19,2025-04-24T16:04:30.874115,28,9
1923,Defense,Treatment physical sense daughter avoid situation toward.,70.21,314.33,2025-05-03T16:04:30.874138,113,5
1924,Like,Modern site though good.,82.41,181.2,2025-04-21T16:04:30.874156,755,2
1925,Other,Career free remember develop stuff.,90.89,142.73,2025-04-25T16:04:30.874178,691,9
1926,Ball,Four movement hold forward lot.,41.76,159.81,2025-04-15T16:04:30.874196,295,5
1927,Maybe,Mind senior gun meet yeah.,25.66,459.9,2025-04-19T16:04:30.874214,963,9
1928,Line,Oil section crime.,62.22,196.98,2025-04-27T16:04:30.874231,820,4
1929,Language,Require special better so stop drug next.,42.25,208.16,2025-04-22T16:04:30.874253,951,2
1930,Politics,Candidate front plant happen decide situation bill.,81.25,157.04,2025-05-08T16:04:30.874279,643,6
1931,Though,College can few floor ten board.,55.6,126.02,2025-05-06T16:04:30.874297,472,7
1932,Home,Hear paper value personal increase.,79.1,228.24,2025-05-01T16:04:30.874315,320,8
1933,Ten,Attorney present fill as his.,22.69,119.2,2025-05-04T16:04:30.874333,820,2
1934,Truth,Enter defense strong say consumer single enter.,51.72,171.83,2025-05-06T16:04:30.874357,116,7
1935,Bad,This check beyond.,30.81,350.68,2025-04-25T16:04:30.874375,965,10
1936,Less,Couple candidate poor product each human someone.,96.64,492.19,2025-05-11T16:04:30.874393,32,10
1937,Country,Part mean dream food foreign authority because budget.,14.41,494.49,2025-04-25T16:04:30.874411,537,6
1938,Recognize,Wait partner environment few foreign modern task.,30.46,410.51,2025-04-17T16:04:30.874429,670,2
1939,Near,Serve general work ever forget major prepare.,95.48,314.58,2025-04-16T16:04:30.874447,304,6
1940,Local,Direction their green bit federal.,53.69,199.24,2025-05-06T16:04:30.874469,153,10
1941,Culture,From national research support me.,63.9,175.57,2025-04-22T16:04:30.874491,186,1
1942,Cost,Save record history movie window night happen.,40.13,142.04,2025-04-22T16:04:30.874509,621,4
1943,Employee,Probably two method must.,19.2,398.26,2025-04-29T16:04:30.874526,994,2
1944,She,Three source how full.,76.26,291.53,2025-05-01T16:04:30.874554,715,8
1945,From,Five make several behind.,35.78,452.64,2025-04-14T16:04:30.874573,214,1
1946,Her,Before to push war of.,67.05,262.19,2025-04-28T16:04:30.874593,728,6
1947,There,Over middle decade look debate debate message.,29.78,335.73,2025-04-22T16:04:30.874611,267,2
1948,Think,Program care our wrong long character.,82.3,280.61,2025-04-16T16:04:30.874630,40,2
1949,Green,Game book shoulder science.,49.53,383.81,2025-05-06T16:04:30.874647,343,5
1950,Education,Foreign small red step learn big reality day.,49.93,237.96,2025-04-22T16:04:30.874665,654,4
1951,Billion,Term them teacher world material.,83.41,392.56,2025-04-23T16:04:30.874682,932,7
1952,Lawyer,So plant only system six can serve.,28.12,258.13,2025-05-02T16:04:30.874700,595,9
1953,Wear,Many against choice meet voice always paper.,37.74,417.71,2025-04-12T16:04:30.874718,559,2
1954,Professor,Modern building support herself hot source section.,38.28,274.2,2025-04-14T16:04:30.874736,856,3
1955,Reflect,Ok mean drop leader.,14.57,465.6,2025-04-21T16:04:30.874754,987,4
1956,The,Tv nature him appear admit clear movement.,77.84,245.22,2025-04-30T16:04:30.874772,85,4
1957,Our,Begin sea girl attorney friend.,70.09,227.64,2025-05-02T16:04:30.874795,713,5
1958,Data,Doctor dinner tough I.,11.87,284.87,2025-05-02T16:04:30.874812,965,7
1959,Base,Five drive theory hot task soon require.,29.24,390.39,2025-04-26T16:04:30.874830,12,3
1960,Interesting,Certainly structure technology daughter any color budget.,87.87,167.51,2025-05-03T16:04:30.874852,933,1
1961,Lose,Evening carry hit physical.,18.26,407.29,2025-05-03T16:04:30.874869,230,4
1962,Head,Admit several quality land attack.,54.68,225.53,2025-05-07T16:04:30.874887,384,9
1963,Father,Cut possible century finally.,38.22,362.14,2025-05-04T16:04:30.874904,510,10
1964,Smile,Sort week mean report.,55.52,437.4,2025-04-13T16:04:30.874922,250,3
1965,Plan,Difference interest PM next smile laugh.,76.7,485.24,2025-04-15T16:04:30.874939,144,2
1966,World,Man summer region morning resource hair.,13.74,324.29,2025-04-30T16:04:30.874957,858,10
1967,Black,Only move particular citizen again.,49.03,360.52,2025-04-24T16:04:30.874974,15,10
1968,Arrive,My rate letter tree mean step want.,78.62,310.1,2025-05-10T16:04:30.874993,985,6
1969,Cold,Reveal method federal.,73.29,185.08,2025-05-01T16:04:30.875010,307,9
1970,Budget,Same mind member choice enter.,36.45,261.34,2025-04-28T16:04:30.875028,776,1
1971,Put,Indicate win task our public.,51.22,327.18,2025-05-11T16:04:30.875050,403,5
1972,Thought,Kind seem reflect anyone after.,60.1,223.71,2025-04-15T16:04:30.875075,841,6
1973,Part,Yourself national thought support group.,61.6,489.7,2025-05-04T16:04:30.875104,527,5
1974,Her,Truth whatever itself garden bank try million.,50.7,142.2,2025-04-30T16:04:30.875128,836,5
1975,Should,Cost anyone new old bar trial such.,39.04,131.42,2025-04-25T16:04:30.875161,887,6
1976,Toward,Offer good fall protect physical.,76.88,423.95,2025-05-08T16:04:30.875182,989,6
1977,Tell,Second company energy across collection too.,84.95,143.08,2025-04-18T16:04:30.875200,585,1
1978,Modern,Rather require movement should sign.,94.32,108.3,2025-04-21T16:04:30.875225,767,8
1979,College,Main must operation leader small commercial.,19.92,366.71,2025-04-12T16:04:30.875243,512,4
1980,Various,Eight science keep remain system others new glass.,34.69,464.07,2025-04-21T16:04:30.875269,804,5
1981,Air,Practice sit any executive.,28.07,397.96,2025-05-01T16:04:30.875290,458,8
1982,Everyone,Article set state mean.,37.61,106.94,2025-05-09T16:04:30.875307,591,10
1983,Myself,Case walk realize start teacher or.,94.71,409.99,2025-04-15T16:04:30.875327,350,2
1984,Pass,Home throughout person upon support wish.,23.82,283.09,2025-05-08T16:04:30.875354,358,5
1985,Southern,A though let kitchen specific consumer.,66.23,374.31,2025-05-05T16:04:30.875373,785,4
1986,Half,Back dark thousand style spend arm effect statement.,73.87,320.92,2025-04-26T16:04:30.875392,478,5
1987,Law,Figure strategy account upon.,52.82,134.13,2025-05-03T16:04:30.875409,177,9
1988,Challenge,Republican determine foreign suggest call either.,14.7,201.14,2025-05-09T16:04:30.875427,341,6
1989,Available,Style exactly today price ask travel all.,15.13,368.45,2025-04-17T16:04:30.875451,995,5
1990,Pattern,Couple expert television account.,89.5,118.68,2025-04-28T16:04:30.875469,311,6
1991,Population,Writer end particularly national.,93.23,403.38,2025-05-02T16:04:30.875486,328,2
1992,And,Table such collection really.,98.68,240.27,2025-04-12T16:04:30.875508,828,8
1993,Pressure,Congress action alone without final nor surface.,84.8,170.34,2025-05-10T16:04:30.875537,631,5
1994,Amount,System pay west peace case something home.,72.51,296.96,2025-04-26T16:04:30.875566,162,4
1995,Science,With professional simple.,41.28,194.09,2025-05-09T16:04:30.875584,657,1
1996,Also,Account admit option line.,44.2,417.03,2025-05-02T16:04:30.875607,886,10
1997,Significant,Church dinner worker even.,85.19,230.45,2025-05-03T16:04:30.875636,13,8
1998,Put,Whole forget father bit turn.,97.06,185.67,2025-04-17T16:04:30.875665,477,2
1999,Fly,Model feeling personal worry scene.,72.6,395.44,2025-04-29T16:04:30.875685,58,5
2000,Benefit,Close environment admit.,19.42,124.3,2025-04-20T16:04:30.875708,434,9
