1,Norma Fisher,ysullivan@yahoo.com,3.05938E+13,West Corey,TX
2,Justin Gomez,tammywoods@hotmail.com,4.80161E+18,Davismouth,NY
3,Mrs. Elizabeth Carter MD,tamaramorrison@hotmail.com,4.19659E+18,North Megan,UT
4,Kimberly Myers,melissajacobson@hotmail.com,6.57752E+15,Davebury,WY
5,Jeffery Brown,brandonberry@guzman.com,3.56151E+15,New Ronaldville,KS
6,Benjamin Turner,brucemcdonald@hotmail.com,2.29346E+15,Davidmouth,HI
7,Michael Mccullough,paul42@hotmail.com,3.57151E+15,Lake Kyle,MT
8,Angela Wheeler,johnwalsh@yahoo.com,3.50696E+15,North Troyport,NH
9,Rodney Mccann,amymccarty@gmail.com,3.50665E+15,Port Kevin,HI
10,Scott Sanders,hillshawn@callahan.net,4.124E+15,Josephmouth,NE
11,Joshua Clark,taylorjoseph@yahoo.com,3.459E+14,West Danny,IA
12,Elizabeth Vincent,richard54@rodriguez-hoffman.info,3.05517E+13,Lake Anne,SC
13,Robert Gonzalez,cruzcorey@stone.org,3.56153E+15,Goodwinborough,NM
14,Daniel Williams,danielellis@payne-hernandez.org,3.02967E+13,North Matthew,MD
15,Amanda Hernandez,meganaguilar@hotmail.com,3.5118E+15,Port Diana,NY
16,Joseph Johnson,burgessrebecca@roberts.biz,3.6993E+13,South Michelleport,MT
17,James Martin,justingreer@mcmahon.biz,4.91256E+15,North Carmenberg,MD
18,Joshua Reed,drodriguez@hotmail.com,3.59519E+15,Watsonborough,MI
19,Angela Williams,bscott@estrada.com,4.84127E+15,Port Seanchester,NM
20,Tonya Sharp,chad50@bailey-smith.com,3.4923E+14,East Shawn,MI
21,Deanna Johnson,matthew44@fields.com,1.80026E+14,Nathanton,DC
22,Jennifer Park,aevans@house.com,2.24758E+15,Stephanieland,WY
23,Brian Jacobs,lhebert@reynolds-wright.info,3.45717E+14,Dannyport,PA
24,Michael Ruiz,amysullivan@hotmail.com,5.0204E+11,Wallaceview,LA
25,Megan Gonzalez,jonesjose@morgan.com,2.34483E+15,Scottshire,DC
26,Michael James,anitaevans@hotmail.com,3.63779E+13,New Jasonstad,MO
27,Alexandra Rose,parksjudy@foster.com,4.32943E+18,Davidburgh,MI
28,Jasmine Roman,lauragonzales@gmail.com,3.56031E+15,Kelseystad,NH
29,Michael Wade,thenry@yahoo.com,4.40003E+12,Beckerfurt,IN
30,Gerald Garcia,marcus75@johnson-williams.com,2.23853E+15,North Kevin,CA
31,Jon Kim,hstevens@gmail.com,2.24126E+15,South Jeffrey,KY
32,Emma Graham,jenniferwaters@hotmail.com,3.58443E+15,Lake Amandachester,AR
33,Matthew Wilson,emilywarner@hotmail.com,4.31845E+18,Port Davidfurt,HI
34,Angela Hubbard,joeanderson@gmail.com,6.59927E+15,East Angelaburgh,NM
35,Nancy Payne,derrick63@floyd-cruz.com,4.53573E+12,Lake Crystalstad,NM
36,Allison Williams,carl05@henderson.biz,4.42566E+15,Finleyburgh,NY
37,Sean Palmer,riveramary@wright.com,3.51692E+15,Lake Sarahton,CO
38,Michael Ellis,jillsullivan@yahoo.com,3.60485E+13,South Randallville,MI
39,Alex Singh Jr.,kathrynblack@yahoo.com,4.1954E+18,Conniemouth,WY
40,Jeffrey Jackson,ramosmatthew@fry.com,3.51864E+15,Fischerview,LA
41,Richard Weiss,amanda85@yahoo.com,4.2083E+12,North Michael,TX
42,Henry Graves,ashleyallen@duffy.com,3.53781E+15,Chelsealand,AK
43,Phillip Harris MD,cterry@hotmail.com,3.05929E+13,North Ashleestad,AL
44,Mitchell Powers,edwardsmaureen@gmail.com,3.72463E+14,South Janet,WV
45,Monica Stone,melvinwillis@gmail.com,2.70243E+15,North Cynthia,SD
46,Stephanie Stewart,deborahbryant@burnett.com,3.52781E+15,Ashleymouth,MS
47,Victoria Hensley,loganjohnson@martinez.com,6.01146E+15,Emilyshire,NH
48,Andre Lang,gbrown@johnson.com,6.01158E+15,Port Margaretmouth,CT
49,Andrew Stout,smithmatthew@hotmail.com,3.52224E+15,Georgebury,IN
50,Jason Cox,acunningham@conrad.biz,3.52006E+15,Frenchchester,OK
51,Faith Wright,william86@anderson.com,2.36376E+15,Amyfort,IA
52,Levi Dillon,fergusonmelissa@gmail.com,3.50666E+15,New Samantha,LA
53,Ashley Richardson,katie80@wiley.com,3.54605E+15,North Christie,AK
54,James Jones,jgardner@jackson.com,4.82759E+12,Courtneymouth,UT
55,James Singh,nicoleriddle@yahoo.com,6.58466E+15,West Haleyburgh,CO
56,Alexandra Stafford,daniel75@hotmail.com,3.57329E+15,South Jean,KS
57,Chad Price,hendrickssarah@gmail.com,4.53871E+15,Herbertside,GA
58,Lee Rangel,riverstimothy@hotmail.com,6.01147E+15,North Antonio,OH
59,Lindsay Klein,xhansen@brennan-jennings.com,4.44308E+12,Perezstad,WV
60,Dwayne Gonzalez,justin92@gmail.com,6.58736E+15,South Ericbury,HI
61,Gina Perez,dmarshall@hotmail.com,3.56847E+15,Joyceshire,AZ
62,Dennis Swanson,whiteholly@hall.com,6.01122E+15,Jonesburgh,IN
63,Janet Aguirre,patrickcannon@hotmail.com,4.95557E+18,Clarkmouth,MT
64,Barbara Garcia,hicksseth@gmail.com,3.05265E+13,West Timothy,AK
65,Stephen Tran,rubenking@yahoo.com,4.74579E+15,Benjaminburgh,NH
66,Cody Crawford,zwilliams@barron-fleming.net,4.289E+12,Johnsonfort,PA
67,Kristi Gonzalez,andersonscott@bishop.net,6.55733E+15,East Karen,FL
68,Jennifer Marshall,janet06@miller.org,3.58303E+15,Goodwinborough,RI
69,Emily Mcgee,matthewssusan@hernandez-green.org,3.04367E+13,West Courtney,NM
70,Willie Mendoza,bdaniel@gmail.com,6.0112E+15,Nathanielborough,ND
71,Gina Tran,oweiss@rivera-cooper.com,3.51492E+15,New Maryborough,UT
72,Crystal Harris,eric58@gmail.com,4.5248E+12,West Lindaburgh,KY
73,Kayla Reed,perryamanda@yahoo.com,5.39752E+15,Loganside,LA
74,Michael Atkinson,carla66@aguilar-king.com,1.80072E+14,East Christopherville,HI
75,Toni Smith,pmartinez@yahoo.com,4.66703E+18,East Jessechester,VT
76,Dana Castro,alexandriaschroeder@harmon.com,6.30427E+11,Garcialand,AL
77,Stephanie Smith,rcole@dudley-stanley.com,3.52933E+15,Alexanderberg,TN
78,Ronald Evans,andrewroman@gmail.com,3.55747E+15,Dominguezhaven,TX
79,Krystal Young,josephjackson@gmail.com,3.55465E+15,Port Jonathantown,IL
80,Cathy Thompson,albert00@hotmail.com,4.36755E+15,Michaelborough,MS
81,Cody White,owillis@brown.com,4.81646E+15,Josephland,WV
82,Brian Green,kfisher@hotmail.com,6.01119E+15,Williamside,CA
83,Lawrence Beltran,russellkristen@blackwell-edwards.com,2.2993E+15,Sullivanside,WA
84,Sherry Thomas,briannajackson@ray.com,4.60081E+18,North Nathanview,MA
85,Julie Fox,samuel68@arnold-stone.com,4.85212E+15,Michaelfort,OR
86,Natasha Conway,jesse80@hotmail.com,6.55804E+15,New Williamton,MI
87,Jacob Peterson,aavila@gmail.com,4.75208E+15,New Scott,MD
88,Laura Grimes,xmyers@phillips-lewis.com,1.80074E+14,New Janet,DE
89,Jillian Harris,catherine18@conway-carter.com,2.13157E+14,Millerhaven,UT
90,Dr. Samuel Newton,boyerdarin@gmail.com,3.44987E+14,New Veronicashire,MA
91,Ruth Vang,williamscody@collins.com,3.54423E+15,Jamesberg,TN
92,Tristan Gonzalez,amanda72@nelson.com,3.50239E+15,Lake Greg,TN
93,Crystal Banks,craighenry@yahoo.com,1.80035E+14,Lake Monica,NH
94,Dennis Gross,jocelynbaker@bennett-williams.biz,3.58289E+15,Harrisland,ND
95,Jonathon Owens,harrisjohn@gray.com,2.13137E+14,Burkeview,NJ
96,Lindsey Johnson,jacquelinejohnson@gmail.com,3.0383E+13,Philipport,TN
97,Caleb Crawford,michelleortiz@vincent.com,4.21855E+15,East Scottport,TN
98,Cole Guzman,brendawalter@yahoo.com,4.12279E+18,North Michelleshire,NH
99,Nancy Scott,johnmartinez@hotmail.com,3.57303E+15,Codymouth,WI
100,Jason Williams,mariahayes@cook-walsh.biz,5.73319E+11,Territown,KS
101,Joseph Krause,tbradshaw@gmail.com,3.04344E+13,Lake Kimberlyport,RI
102,Julie Cameron,maryadams@zimmerman-gonzalez.info,4.29742E+18,Chanberg,DE
103,Philip Barr,gracegomez@yahoo.com,6.59119E+15,South Brianport,GA
104,Joseph Grant,novakaaron@yahoo.com,3.7336E+14,North Markborough,ND
105,Richard Oneal,joy31@martin.com,3.0086E+13,Perezhaven,MN
106,Mark Smith,justinpalmer@yahoo.com,4.45422E+15,North Stephenhaven,HI
107,James Graves,antoniogutierrez@yahoo.com,3.05039E+13,Austinborough,NE
108,John Manning,christinadecker@cole-palmer.com,5.21567E+15,Moorechester,MO
109,Valerie Ritter,tkelley@yahoo.com,3.55068E+15,Ericfort,CA
110,Cassandra Munoz,alejandromeyer@kim.info,4.27212E+18,Jeffreymouth,ME
111,Christine Liu,williamssara@yahoo.com,5.74001E+11,Banksshire,AK
112,Kristina Flynn,lawsondonna@hoover.biz,5.47783E+15,Lake Natashabury,VA
113,Jamie Watson,pstout@hotmail.com,3.52965E+15,Lake Rebecca,DE
114,Morgan Estrada,lisa02@hotmail.com,3.73187E+14,Hammondview,MS
115,Amanda Rivera,burchrobert@yahoo.com,4.04156E+15,Gonzalezshire,OR
116,Dustin Benson,adam92@jackson-sullivan.org,2.13108E+14,Davetown,MN
117,Sean Perez,estradasarah@hotmail.com,3.56623E+15,Rhondaburgh,FL
118,James Boyd,amanda67@yahoo.com,2.25954E+15,South Joseph,WV
119,Andrew Smith,jennifer00@shelton-price.net,3.78788E+14,Jonesville,WY
120,Lori Bird,meghan27@yahoo.com,3.05831E+13,Patriciahaven,FL
121,Gerald Williams,hmiller@gmail.com,4.92941E+15,West Dianeshire,HI
122,Mary Alvarez,christopherbond@yahoo.com,6.56264E+15,Cooperburgh,DC
123,Regina Crawford,ldaniel@guerrero.com,3.41655E+14,South Susan,VT
124,Debbie Thornton,zgarner@washington-taylor.com,5.02022E+11,East Melissaport,MO
125,Kiara Park,deborahpowell@gmail.com,4.38572E+15,Perezbury,DC
126,Jessica Garcia,morrisjames@kelley.org,4.8441E+15,North Brandon,NC
127,Kristine Mclaughlin,ystewart@yahoo.com,4.72807E+12,North Manuelport,ID
128,Megan Chang,stephanie89@rollins.com,3.59071E+15,Petersonchester,MA
129,Kelli Torres,zlambert@yahoo.com,3.53747E+15,Waynehaven,OR
130,Mary Martinez,hschmitt@black.com,3.59229E+15,New Jeffrey,OK
131,Dustin Taylor,shelbyanderson@baker.info,3.58116E+15,West Cameronfort,IA
132,Miguel Cooper,castrosherry@conner.com,4.71647E+15,Catherinefort,NV
133,Frederick Moore,melissa92@fisher.info,2.13165E+14,East Timothyborough,WY
134,Erin Kelly,vkerr@gmail.com,4.63709E+18,Jillberg,KS
135,Lisa Jackson,estradarebecca@gmail.com,4.61194E+15,Port Catherine,AR
136,Jessica Green,pjones@wheeler.info,4.84991E+15,Alexanderchester,CA
137,Douglas Miranda,anne50@smith.biz,6.30437E+11,Medinatown,AZ
138,Bethany Reyes,debrarodriguez@foster.com,6.01157E+15,Port Mariamouth,VA
139,Craig Johnson,katherine54@white.biz,4.61973E+18,East William,IN
140,Angela Rodriguez,anthony12@richmond.com,1.80041E+14,Hensleyton,IA
141,Cheryl Wade,swatson@gmail.com,4.54353E+18,New Ryanville,VT
142,Eric Miller,wcraig@hernandez.com,3.52744E+15,Sarahville,DC
143,Mark Hunter,emorales@underwood-collins.com,4.61792E+18,South Valeriechester,MN
144,Reginald Martin,nicholsdustin@washington-sanchez.com,3.55205E+15,Millsfort,MA
145,Ann Williams,william53@hotmail.com,3.7172E+14,Daniellestad,MN
146,Susan Robbins,longcourtney@parker.com,3.46212E+14,Lake Ryan,SC
147,Donna Brown,ulewis@yahoo.com,5.03803E+11,Port Jeremy,ME
148,Jade Pena,narcher@hotmail.com,5.62331E+11,New Marychester,SD
149,Adrian Jensen,davidevans@yahoo.com,4.9808E+15,Sydneyhaven,NV
150,Thomas Velasquez,moranmichelle@hotmail.com,6.39016E+11,North Andrewmouth,NC
151,Alicia Yang,kristen43@hotmail.com,6.57451E+15,Bakerstad,RI
152,Theresa Miranda,eowens@miller.com,2.13146E+14,New Williammouth,WV
153,Erica Galloway,stokesmariah@gmail.com,3.74707E+14,Lucaston,AK
154,Judy Wright,xgarcia@ross.com,5.76894E+11,Matthewton,NC
155,Joseph Smith,brad31@hotmail.com,4.8524E+12,Georgestad,LA
156,Nancy Sims,xsmith@arroyo.com,3.50083E+15,West Keithshire,AK
157,Thomas Richardson,christopher95@yahoo.com,2.33594E+15,New Gabrielview,KS
158,James Ward,jordangibbs@yahoo.com,3.01555E+13,Riddlechester,WY
159,Dana Smith,alexandertanya@stokes.biz,4.60937E+18,New Cindyburgh,MS
160,Calvin Smith,timothy58@gmail.com,4.72435E+18,Port David,OK
161,Sheila Friedman,patricia79@hotmail.com,4.96654E+15,South Kathryn,AZ
162,Sandra Ortiz,rgarcia@gmail.com,4.42254E+15,Jacobview,MN
163,David Reeves,yusharon@gmail.com,5.86976E+11,New Valerieview,WI
164,Stacy Drake,smithpaul@cochran-watson.com,1.80081E+14,North Natalie,AZ
165,Christine Jenkins,fclark@villa.com,4.36633E+12,Port Karenstad,SC
166,Yolanda Hicks,ashleeknight@hotmail.com,2.2561E+15,North Peterberg,MD
167,David Williams,jwoods@coleman.com,3.55242E+15,Port Ashley,NE
168,Christopher Hardy,yatescharlotte@yahoo.com,4.04736E+15,Lake Brandonchester,ME
169,Mathew Mccullough,fisherlaura@gmail.com,3.40519E+14,Claytonville,HI
170,Christopher Allen,ricardo08@hotmail.com,3.01327E+13,Fisherborough,AZ
171,Melissa Myers,brandonparker@hotmail.com,3.89658E+13,Johnhaven,KY
172,James Paul,turnerjames@ortiz.com,3.46735E+14,Lake David,KY
173,James Gonzalez,perrymason@brock-james.com,3.00103E+13,Sarahfort,SC
174,Charles Lee,jacobsonanthony@turner-fox.biz,3.02021E+13,West Vanessa,NE
175,Tina Martin,daltonzachary@robinson.net,6.54391E+15,Gomezchester,HI
176,Joseph Christian,kevinclements@hotmail.com,5.01831E+11,Joshuamouth,DC
177,Jeremy Wilson,frankperry@king.net,3.58162E+15,Parrishton,NE
178,Charles Dickson,robin93@hotmail.com,4.37863E+15,Heatherport,DC
179,Marcus Wall,aaron66@hotmail.com,3.52156E+15,Lake Bobby,WV
180,Gary Lee,harringtonkristen@campbell.info,4.13666E+12,West Todd,RI
181,Melissa Davis,jeffrey90@gmail.com,3.73441E+14,Stoneburgh,AL
182,Angela Gutierrez,christophersaunders@hotmail.com,3.79376E+14,Lake Taraland,LA
183,Melinda Richardson,pearsonjason@yahoo.com,3.05728E+13,Dianaburgh,AL
184,Lauren Saunders,aramirez@hotmail.com,6.546E+15,West Shelbyburgh,PA
185,Albert Clements,patriciarobinson@hotmail.com,4.07752E+12,Tateview,AL
186,Robert Garcia Jr.,cristina38@hotmail.com,3.58848E+15,Alyssaville,MO
187,Vincent Lopez,beverett@nelson.com,4.00035E+12,South Jesusview,WI
188,Vanessa Becker,amywood@lowery-brown.biz,4.40275E+18,West Stephaniehaven,WI
189,Mark Lewis,cwagner@bell.com,3.46157E+14,Jenniferborough,IL
190,James Clark,rogersmelissa@curtis-bullock.com,3.55226E+15,Lake Steven,ND
191,Mrs. Barbara Galvan,mark31@lowery.info,4.07713E+15,Melissatown,RI
192,Christopher Miller,donnaalvarez@hotmail.com,4.05018E+15,Port Thomas,ME
193,Abigail Callahan,sarahlarson@terrell-chavez.com,2.13188E+14,Port Georgeton,NM
194,Debra Perez,quinnsherri@reyes-young.org,6.7614E+11,South Monica,CT
195,Dawn Robinson DDS,zhernandez@hotmail.com,6.51466E+15,North Levi,MT
196,Jeffery Wright,darren34@gmail.com,4.1324E+12,Smithberg,SD
197,April Bridges,zacharydaniels@gmail.com,4.42256E+15,Kathychester,AR
198,Rickey Henry,troy71@decker.com,4.96572E+15,Kimtown,NJ
199,Lisa Robinson,zachary83@medina.biz,2.70046E+15,Wrightview,WA
200,Megan Carter,shellystevenson@holder.com,4.21634E+12,Christinaville,VT
201,Allen Bailey,larry64@gmail.com,4.89157E+15,Laurenside,TX
202,Tyler Hernandez,holtdebbie@hotmail.com,1.80069E+14,Smithchester,OH
203,Ashley Miller,ppatel@gmail.com,3.82995E+13,Stephenside,AR
204,Jesse Hogan,dana22@hotmail.com,2.24827E+15,Gibbsfort,PA
205,Stacy Ponce,anthony87@gmail.com,4.19509E+15,West Sandrashire,NV
206,Jason Yang,mpatterson@gmail.com,3.00307E+13,Port Ronniehaven,AK
207,Christopher Fisher,emmabrown@gmail.com,4.18191E+12,West Vanessa,OK
208,Courtney Ramirez,qmartin@allen.org,6.56093E+15,Chaseborough,OK
209,Jeffrey Kennedy,kleintravis@yahoo.com,3.502E+15,Port Victoria,MD
210,Katie Mullins,heather33@yahoo.com,6.7621E+11,Nelsonborough,HI
211,Jimmy Liu,heatherroman@lopez.biz,4.21334E+18,East David,NM
212,Loretta Garcia,astephens@yahoo.com,4.92659E+15,Williamsmouth,MD
213,Alyssa Mckenzie,hawkinspatricia@hotmail.com,6.59823E+15,Lake Chloeview,CO
214,Alexander Mcdonald,christophercooke@blair-mclean.com,4.55997E+12,East Michaelmouth,MT
215,Anthony Johnson,edward06@wright-williams.com,3.5924E+15,Arthurstad,ME
216,Rebecca Scott,alicia44@yahoo.com,3.01163E+13,Clarkside,MA
217,Daniel Woods,johnsoncharles@lyons.com,2.13117E+14,Christineberg,ND
218,Mark Cole,tamaraperez@campbell.com,6.52967E+15,Jordanberg,VT
219,Tyler Warren,christopherwilson@hotmail.com,3.05248E+13,Lindabury,ID
220,Kayla Nolan,keith41@hotmail.com,5.01892E+11,Sandraburgh,OR
221,Mr. Matthew Larson,erikapineda@hotmail.com,3.43322E+14,East Steven,GA
222,Pamela Price,deborah72@reynolds.org,5.79808E+11,North Alexis,HI
223,Andres Cook,melanie16@mclaughlin-potter.com,4.65783E+15,Lake Vincent,TX
224,Kenneth Mack,jsmith@gmail.com,4.42326E+15,Huffburgh,NJ
225,Roberto Payne DDS,blacksteven@oliver-oconnor.com,5.42378E+15,East Caroline,MI
226,Emily Kramer,christopher61@hotmail.com,3.05956E+13,North Christian,TN
227,James Flowers,gallagherjoe@hotmail.com,3.75011E+14,Lake Zachary,OH
228,Daniel Jensen,christophermcgee@hotmail.com,3.55547E+15,South Larry,NV
229,Jessica Thomas,lynchcatherine@yahoo.com,4.8583E+15,East Elizabeth,IA
230,Terri Irwin,brendahorne@williams.biz,1.80016E+14,North Kellyton,GA
231,Troy Mitchell,pwebster@hotmail.com,4.1628E+12,North Timothyborough,MA
232,Angelica Boyd,mark16@smith.com,6.57401E+15,Lake James,NE
233,Ryan Kline,rlewis@gmail.com,3.55243E+15,East Brianton,SD
234,Brian Cummings,nicholasvaughan@torres.org,2.13132E+14,Leachville,DE
235,Kara Smith,jeff44@washington-drake.com,4.7474E+18,North Jenniferstad,VT
236,Jeffrey Williams,rsalas@yahoo.com,3.56922E+15,Davilaborough,AR
237,Michael Reyes,mhudson@hotmail.com,2.22529E+15,Karentown,IL
238,Diane Harris,russellkaren@hotmail.com,6.59635E+15,West Matthew,MI
239,Erik Miller,dana26@hotmail.com,6.01191E+15,West Mathew,SC
240,Michael Walsh,shelleyrobinson@yahoo.com,5.44775E+15,Christopherside,VT
241,Shannon Chaney,pperry@hill-nelson.com,4.31467E+15,Katherineton,WY
242,Tyler Wallace,harold09@yahoo.com,4.77167E+15,Millerstad,MT
243,Emily Kennedy,christopher11@gmail.com,3.57197E+15,East Timothy,CT
244,Jesus Bean,kimberly14@cochran-hardin.org,4.67805E+15,Christopherbury,NJ
245,Robert Rodriguez,cthomas@gmail.com,2.26743E+15,Kimburgh,NH
246,Brent White,joshua51@gmail.com,4.95805E+12,East Carly,AZ
247,April Golden,mdavis@kelly.com,3.57631E+15,East Autumnburgh,RI
248,Jason Mckenzie,salvarado@gmail.com,6.59684E+15,Tonyashire,LA
249,Shawna Moreno,milesmargaret@manning-wade.com,3.50464E+15,Lake Kiara,PA
250,Heather Clark,fchan@walker.com,3.05321E+13,Matthewsfurt,OH
251,Kathy Nichols,waterschristopher@gmail.com,4.65316E+12,Michaelview,UT
252,Jacqueline Walls,robertsims@sullivan.com,4.55904E+15,Perezberg,HI
253,Karen Gilbert,georgerichard@wall.org,6.01171E+15,South Derrickberg,RI
254,Joyce Hopkins,briannarojas@miller.com,4.53579E+12,Washingtontown,ID
255,Darrell Lynch,washingtoncarly@thompson-livingston.com,2.59114E+15,Deannamouth,KS
256,Anthony Boyer,adam95@gmail.com,4.89925E+12,Lake Jeffreyland,NV
257,Matthew Thomas,bradleysmith@gmail.com,3.57459E+15,New Regina,VT
258,Nathan Gonzalez Jr.,cindyperkins@yahoo.com,6.01103E+15,New Michaelmouth,NC
259,Erin Arias,jonhunt@page-burgess.org,4.36587E+18,New Tony,CO
260,Christopher Adams,william02@castillo-harper.biz,4.40096E+15,Allenfort,DC
261,Daniel Henderson,rhodescharles@anderson.com,4.85183E+12,Port Rebecca,WY
262,Karen Jones,matthewskevin@gmail.com,4.87986E+12,South Charles,MN
263,Kyle Scott,cbaker@burke.com,3.76971E+14,Margaretmouth,DE
264,Anna Kerr,villarrealbrenda@yahoo.com,1.80045E+14,West Kristin,NE
265,Kristen Kelley,ehaynes@grant-hebert.org,4.32157E+15,West Dana,OR
266,Samuel Rowe,madeline93@fowler.net,3.58166E+15,Washingtonburgh,IL
267,Michele Petty,kristenandrews@gmail.com,3.53387E+15,South Joshuaton,VT
268,Andrew Payne,vriley@hotmail.com,4.6849E+15,Perezhaven,AK
269,Alexis Parker,thomaspatricia@yahoo.com,3.54267E+15,New Richard,MA
270,Sarah Daniels,scottmiller@hotmail.com,4.30873E+18,Kristinhaven,OR
271,Alison Taylor,nancy94@cooper.org,4.90686E+15,West Charlesmouth,NC
272,James Ferguson,robertmay@reed-johnson.org,4.27498E+15,Miketown,IA
273,Kendra Wilson,george69@yahoo.com,3.52964E+15,Ballville,IL
274,Robert Henry,angelawright@yahoo.com,3.53122E+15,Marshallton,NH
275,Eric Myers,rosariotaylor@yahoo.com,4.6498E+12,West Kyle,FL
276,Christine Miller,darryl58@woods.org,4.34095E+15,Marquezport,DC
277,Annette Solis,dianareese@jenkins.com,4.10745E+18,Bullockmouth,CT
278,Emily Sims,janetwarren@davis.com,4.71906E+18,Port Martinbury,IN
279,Sean Webster,waresamantha@myers-norris.info,3.70272E+14,West Steven,IA
280,Marcus Rowe,sanchezmiranda@thompson.com,3.507E+15,New Wendy,IL
281,Tina Medina,richardlittle@mann.info,3.57864E+15,Kristenfurt,DE
282,Jennifer Cruz,gregory68@yahoo.com,4.61509E+15,North Rebecca,IA
283,Shawn Jordan,david32@hotmail.com,3.03888E+13,Lake Meganshire,ND
284,Jeff Keller,cynthialewis@hotmail.com,3.54424E+15,Jeffreybury,WA
285,Larry Jones,anthonygray@yahoo.com,1.80064E+14,Jenniferfurt,MI
286,Kathleen Castillo,ericfoster@gmail.com,5.53448E+15,Tammymouth,WY
287,Vickie Webb,james66@gmail.com,6.01162E+15,East Edwardbury,WV
288,Thomas Jones,mcclainvalerie@jones.com,3.54404E+15,Williamshaven,HI
289,Daisy Shelton,robinsonalex@santana.com,3.01587E+13,Webbburgh,VT
290,Timothy Green,jerrysmith@morris-jones.com,3.57705E+15,Port Melissaville,MS
291,Tammy Brown,melissa67@yahoo.com,6.56413E+15,Boyerhaven,ME
292,Robert Morris,smithmichael@clark.com,4.58846E+15,Cooktown,IL
293,Kimberly Thompson,felliott@gmail.com,4.79587E+12,Lake Hollytown,KY
294,Matthew Long,bennettmonica@smith.com,3.799E+14,Port Jonathanville,ND
295,Vanessa Morris,xconner@macias.com,4.16763E+15,South Wesley,KY
296,James Malone,lepaula@yahoo.com,4.5107E+12,Williamsville,VT
297,Christine Ali,melissajones@curry-martinez.com,2.13173E+14,East Annafort,HI
298,Nancy Stevens,longmolly@gmail.com,3.53112E+15,South Mollyberg,DC
299,Jill Richardson,lisa16@love-curtis.com,3.53366E+15,Port Courtneyfurt,KY
300,Dr. Rebecca Garcia,mitchellandrew@harding-rosario.net,4.11906E+15,Amberstad,TN
301,Alexandra Price,jmayer@gmail.com,4.66275E+12,South Marcusville,IA
302,Susan Leonard,jamesmatthews@yahoo.com,2.29989E+15,Tinachester,NV
303,Hannah Wright,laurawilliams@hotmail.com,3.5549E+15,New David,ND
304,Anthony Hoffman,jonesdonald@hotmail.com,4.24874E+15,Jonathantown,WY
305,David Vance,johnhernandez@gmail.com,2.55913E+15,Ronaldchester,SD
306,Melissa May,khoward@yahoo.com,2.46161E+15,East Evan,CO
307,Cory Evans,gvasquez@hotmail.com,5.84469E+11,East Jenniferland,LA
308,Vanessa Walker,lreilly@walker.org,6.5171E+15,East Denise,NM
309,Brittany Hill,josechen@kim.com,3.00516E+13,East Caseychester,MA
310,Ashley Moore,amanda18@gmail.com,3.72205E+14,New Sheritown,HI
311,Tina Johnson,dramos@yahoo.com,3.57142E+15,West Theresa,AZ
312,Casey Phillips,brianjackson@nguyen-morrison.biz,3.53575E+15,South Marymouth,TN
313,Ryan Clark,brandimayo@fleming.biz,4.69802E+15,North Christopher,IL
314,Mary Contreras,jeremy81@washington-spencer.org,3.59974E+15,Conradfort,AK
315,Jeffrey Lawrence,duncanjoshua@hotmail.com,6.01143E+15,Fosterfurt,ME
316,Dave James,kathy80@morales-gutierrez.com,2.28278E+15,South Jamie,DC
317,Steven Brown,wandahatfield@yahoo.com,5.56914E+15,Leestad,AK
318,Michael Edwards,williambrown@smith-golden.org,6.01169E+15,South Louisfurt,AL
319,Eric Ruiz Jr.,phillipsjohn@hotmail.com,4.81338E+18,Alifort,IN
320,Cesar Hubbard,shill@castro.info,6.58562E+15,Jenniferburgh,NY
321,Ryan Boyd,blee@contreras.com,3.51973E+15,Alexberg,TN
322,Todd Macias,isabel99@pearson-wheeler.com,3.01987E+13,South Leslie,MT
323,Edward Hancock,danielmartinez@hotmail.com,6.01175E+15,South Jeffrey,CA
324,Marilyn Blackwell,troth@sullivan-ward.org,3.58655E+15,North Emily,MI
325,Amy Torres,medinamark@miller.com,5.4677E+15,Lake Crystalfort,AL
326,Alyssa Smith,steven81@moore-pierce.info,4.72171E+15,Port Elizabeth,VA
327,Beth Reynolds,watsontyler@gmail.com,5.61271E+11,Lake Sarafurt,DE
328,Crystal Wright,ortegakayla@carrillo.com,4.15254E+12,Lake Gina,NJ
329,Christopher Freeman,paigewilliams@gmail.com,3.55535E+15,Jamestown,NM
330,Michelle Bond,garciajessica@gmail.com,3.56361E+15,Reyesbury,OH
331,Renee Acosta,kyle76@yahoo.com,3.7763E+14,Jonesshire,AZ
332,Ashley Wright,larrydaniel@yahoo.com,4.0348E+18,Jonesfort,DC
333,Shelby Lindsey,xwong@yahoo.com,4.36315E+15,Port Rickyland,MD
334,Michael Flowers,courtneylucas@carter.com,4.96518E+15,Mejiaview,UT
335,Christopher Garcia,jacqueline26@young.biz,4.27599E+15,East Michaelland,AZ
336,Kathryn Frazier,jacobscameron@gmail.com,3.5061E+15,East Amyside,OR
337,Cody Woods,melanie61@hotmail.com,4.59112E+15,East Joseph,ND
338,Cynthia Berry,pwright@jones-landry.biz,4.00734E+15,Bowmanstad,NM
339,Angela Clarke,harristaylor@wade-willis.net,2.1315E+14,Andrewsshire,CA
340,John Acevedo,daviswilliam@silva.biz,3.05467E+13,Lake Michael,NM
341,Melissa Cannon,karen75@yahoo.com,3.55023E+15,Barbaraburgh,MS
342,Natasha Valentine,williamsandrew@porter.info,3.55686E+15,Teresamouth,GA
343,Natasha Romero,paullong@bates-aguilar.biz,2.22486E+15,Greenmouth,OK
344,Andrew Vargas,davidwilson@gmail.com,6.0115E+15,North Jessica,ME
345,Kimberly Pierce,david25@gmail.com,4.34697E+15,Rosstown,MN
346,Belinda Mendoza,ashleywaller@gmail.com,4.40377E+12,Lake Aprilshire,UT
347,Gregory Campbell,masondawn@gmail.com,4.23213E+18,Hardyside,TN
348,John Walker,zmitchell@yahoo.com,6.51241E+15,Georgetown,NE
349,Michael Jackson,qwells@wood.org,4.54309E+15,Gibsonland,DC
350,Barry Dickerson,iwilliams@yahoo.com,1.80008E+14,Lake Rebecca,NV
351,Elizabeth Snyder,darrentrujillo@johnson-gray.com,2.63489E+15,Perkinsport,AL
352,Robert Stevens,christina00@gmail.com,2.1318E+14,East Michaeltown,AL
353,Linda Hill,eduncan@yahoo.com,4.19834E+15,East Marthaburgh,UT
354,Deborah Hawkins,dennisgonzalez@johnson-bridges.com,6.01181E+15,Bryantview,VT
355,Sarah Rivera,michaelstephens@yahoo.com,4.59663E+12,North Rubenside,CT
356,Sara Fowler,melaniedavis@everett-herrera.com,5.22462E+15,West Jimmy,OH
357,William Wilson,delacruznicholas@yahoo.com,6.54639E+15,South Willie,CA
358,Vicki Brown,gcarter@yahoo.com,2.13198E+14,Lake Gregorybury,MT
359,Brittany Snyder,jasonmorrison@gmail.com,6.01189E+15,Lake Brandytown,PA
360,Anthony Cisneros,loveluke@hotmail.com,3.55496E+15,East Danielle,VA
361,Elizabeth Hart,bestjasmine@klein-rogers.info,4.81318E+15,Lake Alanburgh,AL
362,Christian Carter,harpermark@gutierrez-harrell.net,4.84267E+15,Pricetown,ID
363,Ann Compton,pamelabaker@yahoo.com,4.11819E+15,Amberchester,MS
364,Andrew Sweeney,gonzalescarol@fleming-robles.com,5.32338E+15,Lake John,HI
365,Angela Moore MD,jkelly@gmail.com,4.49484E+15,West Nathanborough,KY
366,Juan Vasquez,cfrazier@yahoo.com,3.44331E+14,Brittanyview,OR
367,Lisa Snyder,jeannealvarez@gmail.com,2.72052E+15,New Herbert,MT
368,Mary Dudley,michael34@gmail.com,1.80013E+14,West Mark,NJ
369,Lisa Romero,sbrown@murphy.info,3.5637E+15,Lake Melaniehaven,TX
370,Willie Stein,nicholaslewis@miles-allen.biz,4.6809E+15,Wangview,WA
371,Logan Butler,barberapril@bowman-meyer.com,5.02077E+11,Port David,AZ
372,Penny Cowan,nguyenphillip@yahoo.com,4.26196E+15,East Laura,WA
373,Jonathan Gardner,bryanbaker@gmail.com,2.13142E+14,New Kendraview,CT
374,James Boyd,jacksonjerry@yahoo.com,1.80037E+14,Port Lisafurt,IN
375,Keith Hernandez,lisa93@ortega-allen.com,6.01158E+15,Clarkstad,OH
376,Ariana Henderson,dustinhartman@robinson.com,3.5442E+15,Bakerland,CT
377,Susan Garcia,jared65@gmail.com,6.01169E+15,West Danielbury,RI
378,Elizabeth Richardson,jennifer01@hotmail.com,4.68277E+18,Dunnchester,WV
379,Katherine Mclean,jacob99@yahoo.com,4.00724E+15,New Michaelhaven,MA
380,Gary Barber,hollandpatricia@hotmail.com,3.45619E+14,South Charles,OR
381,Charles Perez,claytonwhitaker@yahoo.com,6.75967E+11,Nielsenview,GA
382,Kirsten Hall,reyestheresa@harris.biz,4.02311E+15,Powellfurt,PA
383,Jamie Lopez,qprice@gmail.com,6.52188E+15,Osborntown,WV
384,Amanda Horn,briancastaneda@hotmail.com,2.71995E+15,East Cherylhaven,CA
385,Danielle Flores,charles45@hotmail.com,2.7051E+15,South Gregory,DE
386,James Mccarty,katie98@nichols.com,3.00937E+13,Besttown,OR
387,Michael Bauer,yrichardson@yahoo.com,6.01107E+15,Port Richard,MI
388,Alexandria Johnson,brady86@yahoo.com,3.71126E+14,Teresaburgh,NC
389,Brittany Perez,blackkevin@sutton.com,4.51238E+12,Smithland,KY
390,Laura Hamilton,tammy36@reynolds-wheeler.com,3.82535E+13,Montgomerymouth,CT
391,Rachel Warner,collinsshelia@montgomery.com,2.5857E+15,North Vincentborough,TN
392,Meagan Case,randalldouglas@gmail.com,4.2937E+15,East Deborah,AZ
393,Eric King,edwardstheresa@brown.com,4.60833E+18,East Patrick,MO
394,Randy Sullivan,erinortiz@yahoo.com,6.30437E+11,Port Kimberlyland,CA
395,Amanda Hoffman,thomasclark@gmail.com,3.71499E+14,West Thomas,VT
396,Maxwell Aguirre MD,michaelbautista@christian-townsend.com,5.72994E+11,Port Heathermouth,WA
397,Brandon Weaver,teresafry@barrett-jackson.com,3.51829E+15,South Stephaniestad,MT
398,Madison Miller,ibarr@garcia.com,6.76223E+11,Justinland,WV
399,Phillip Henry,sandovalchristopher@hendricks.org,3.0553E+13,Markberg,OR
400,George Stafford,ocampos@hotmail.com,3.70007E+14,Jamesville,WY
401,John Baker,robert65@gmail.com,2.13144E+14,Annchester,IA
402,Nicholas Miller,umartin@yahoo.com,4.94934E+15,East Travisview,AZ
403,Miss Jennifer Miller,christine97@hotmail.com,4.19161E+15,Silvaborough,SC
404,Yolanda Foster,diazjackie@yahoo.com,5.03821E+11,Brandyborough,RI
405,Kristy Carpenter,smartinez@hotmail.com,3.55021E+15,Lake Rebeccafort,NM
406,Aaron Payne,laurie56@gmail.com,4.88969E+12,New David,SD
407,Evan Scott,barbaramullins@berry-poole.info,2.13166E+14,North Kelsey,WI
408,Justin Perry,ksullivan@duncan.com,3.52111E+15,West Emilyburgh,VT
409,Morgan Flynn,robertsstephanie@gmail.com,4.06871E+15,East Steveborough,VT
410,Emily Blackburn,thompsonsarah@gmail.com,3.68409E+13,Port Alejandra,HI
411,Monica Peterson,julia59@yahoo.com,4.29919E+15,Randyshire,TN
412,Justin Stein,alexanderamanda@andrews.com,4.50975E+15,Port Kimberlyside,IN
413,Joseph Smith,hgutierrez@hotmail.com,3.54033E+15,Lake Marybury,CT
414,Christopher Freeman,wilsonsteven@hotmail.com,3.80618E+13,Ryanborough,MT
415,Jason Clark,maryduran@ray.org,4.04229E+12,Patriciashire,CO
416,Joshua Huang,chapmanashley@hotmail.com,4.28684E+15,Georgetown,AR
417,Lisa Powell,judy75@hotmail.com,2.27634E+15,Edwardside,CO
418,Kari Lopez,xpark@yahoo.com,60429619699,East Randall,VT
419,Alyssa Freeman,morrisjeffrey@hotmail.com,4.06496E+15,South Heidimouth,VA
420,Ronald Ward,sshaw@warren-hanson.biz,4.30449E+12,Gibsonfort,VA
421,Abigail Trujillo,ncharles@hotmail.com,6.01157E+15,New Jason,NY
422,Kaitlyn Mcpherson,jessicabolton@ellis.com,2.26845E+15,Lake Kelseyfurt,KS
423,Dean Bowen,montoyajeremy@gmail.com,6.01157E+15,Nicholasside,DC
424,Jose Myers,matthewbailey@cruz-flores.com,3.55495E+15,Port Sandra,WY
425,Mark Lee PhD,jason23@brown.com,4.75578E+18,South Markhaven,UT
426,Dylan Johnston,ifoster@glover.com,1.80038E+14,Lake Tanyaside,NJ
427,Curtis Morrison,cantrellbarbara@stevens.com,3.50467E+15,East Samueltown,SD
428,Angela Dennis,chuang@yahoo.com,1.80021E+14,Lisahaven,OK
429,Timothy White,jeffrey37@yahoo.com,3.50598E+15,North Annaview,VA
430,Denise Jones,harold84@lee-davis.com,3.00852E+13,East Yolanda,DE
431,Douglas Johnson,lopezjames@scott.net,4.95933E+15,Rojasberg,ID
432,Nicholas Bray,bsellers@yahoo.com,1.80085E+14,Port Stephanieton,AK
433,Charles Johnson,harveywilliam@marsh.com,3.77386E+14,Williamsborough,VT
434,Tony Bell,ashley19@hotmail.com,4.13707E+15,Ericahaven,MD
435,Emily Wright,drodriguez@doyle-ryan.com,4.07567E+18,New Amandaberg,MN
436,Nicole Walters,thomasmark@yahoo.com,2.13107E+14,Anthonybury,CO
437,Tina Alvarado,sarah28@mcgee.com,3.0198E+13,New Richard,MA
438,Julie Leach,robert11@barnes.com,2.28075E+15,North Gloria,UT
439,Catherine Wright,sarah07@gmail.com,4.70129E+12,Port Leonport,WV
440,Christopher Payne,jeremyburns@yahoo.com,4.60986E+15,Susanfort,WA
441,Cassandra Harris,gbeasley@gmail.com,5.02075E+11,Amandahaven,MN
442,Troy Melton,crystal67@holmes.net,2.2965E+15,West Christineland,ID
443,Anthony Warren,kthompson@yahoo.com,5.68706E+11,Sanchezstad,FL
444,James Tran,randy76@gmail.com,3.5529E+15,East Christina,OK
445,Mary Erickson,ufrost@curtis.biz,4.59539E+12,New Andrea,NJ
446,Paul Dawson,turnerjenny@burch.net,4.48688E+15,South Clairetown,SD
447,David Shelton,jack39@yahoo.com,4.53869E+15,South Matthewstad,SC
448,Jessica Jenkins,oliviaortiz@daugherty.com,3.52316E+15,Blanchardtown,NY
449,Ann Martin,arussell@powers.com,3.71345E+14,Westton,MN
450,Felicia Garcia,kevindominguez@stone.com,4.20792E+15,West Carrietown,LA
451,John Thompson,marie11@bell-zuniga.com,3.44556E+14,Cookchester,KS
452,Teresa Martin,victoria00@jenkins.com,4.54946E+15,Lake Carlosside,OR
453,Gary Bush,grahamjessica@hotmail.com,4.03838E+15,Port Michelleside,ND
454,Nathan Thomas,annette61@gmail.com,3.73678E+14,Martinfurt,KY
455,Michael Page,cbyrd@mooney.net,5.88378E+11,East Cole,MI
456,Lauren Stevens,kristenharrell@hotmail.com,3.58917E+15,North Heatherberg,OH
457,Kevin Gill,eknox@hotmail.com,4.65463E+12,Lake Tiffany,AK
458,Tyrone Arnold,asmall@davis.com,5.26499E+15,Hintonmouth,DC
459,Cynthia Gordon,nrobinson@garcia-nolan.com,3.51459E+15,Jaredstad,RI
460,Barbara Bond,drakesusan@gmail.com,3.82615E+13,Barbaraborough,NV
461,Kathryn Jones,probles@savage.info,4.89373E+15,North Jamieberg,WI
462,Mary Franco,thomas63@yahoo.com,4.12165E+12,Stokesborough,NV
463,Ryan Ryan,john45@rhodes.biz,4.72642E+15,Bonnieville,MD
464,Rebecca Johnson,watersalexis@carter-simpson.com,2.64899E+15,Donnaberg,CT
465,Samantha Buck,rachelortiz@yahoo.com,4.52103E+12,Port Johnathan,AL
466,Brian Nichols,brianjohnson@page.com,3.44457E+14,Port Robertshire,DC
467,Paul Castillo,samantha11@snyder.org,6.01157E+15,New Josephtown,WA
468,Brett Becker,benjaminthompson@harrison.com,3.49938E+14,Smithberg,VT
469,Nathan Dyer,webbkimberly@harvey.com,3.75291E+14,New Davidstad,DC
470,Michelle Serrano,omar75@kidd.net,2.13163E+14,Christophertown,ME
471,Cody Kerr DDS,youngryan@yahoo.com,60490130055,Port Megan,UT
472,Robert Watts,jessica25@walker-smith.org,3.57567E+15,North Bryan,NE
473,Ashley Crawford,melissawilson@gmail.com,4.90219E+15,Port Ashley,NJ
474,Shelby Patterson,jimmy80@hotmail.com,6.52513E+15,West Charlesland,MO
475,Melissa Garcia,qcontreras@hotmail.com,4.6516E+15,Port Lesliechester,UT
476,Kimberly Smith,websterjeff@mitchell-burgess.biz,5.01869E+11,Mitchellville,SD
477,Jesse Marquez,sergiojones@yahoo.com,2.13181E+14,South Kellyville,LA
478,Emily Davis,catherinerivera@gmail.com,6.76334E+11,Lake Mark,AR
479,Lisa Klein,carrillomark@yang.net,1.80088E+14,Megantown,IN
480,Gary Shannon,abishop@yahoo.com,3.57469E+15,Michaelburgh,TN
481,Courtney Brown,edward88@carter.info,6.76382E+11,Matthewton,VT
482,Chris Preston,james39@hotmail.com,5.01889E+11,Muellerside,NC
483,Suzanne Nicholson,raymondbryan@mann-perez.com,2.13136E+14,Henryport,TX
484,Shannon Martinez,mark72@gmail.com,4.62337E+18,South Mary,WI
485,Christopher Wood,bnunez@hotmail.com,60415726714,Lake Hannahville,NY
486,Brian Powers,rodriguezsarah@lee.org,3.59299E+15,South Stephenton,ID
487,Oscar Navarro,beasleyseth@cohen.com,4.60254E+12,Bonniefurt,UT
488,Michael Koch,davidlarson@grant.org,3.05574E+13,Coxport,ND
489,Tiffany Garrett MD,toddrobert@moran.com,3.52964E+15,New Danaberg,NE
490,Adam Henson,ashleyholt@potts-quinn.com,4.55345E+15,South Davidview,PA
491,Leonard Coleman,jduncan@yahoo.com,5.02053E+11,New Heather,ND
492,Katelyn Garcia MD,hdavis@kline.info,4.72985E+18,Port Michael,IL
493,Jose Taylor,storres@moore.com,4.86136E+15,West Thomasburgh,RI
494,Michael Jones,andrewcarlson@long-jones.com,2.24136E+15,North Angelica,CA
495,Travis Estrada,ucervantes@yahoo.com,3.55565E+15,North Kevin,KY
496,Kenneth Ramirez,omorton@roy.com,2.23436E+15,Davidchester,MS
497,Brian Deleon,stephanie84@yahoo.com,3.5009E+15,Madisontown,ME
498,Sara Huber,mmurphy@gmail.com,4.46223E+18,South Terrence,IA
499,Andrea Brown,tammywhite@yahoo.com,3.58735E+15,South Erikmouth,GA
500,Tracy Mckenzie,richardcunningham@taylor.com,3.65972E+13,North Kaitlintown,NM
501,Casey Lamb,richardkidd@mcclure-parks.com,3.53424E+15,New Jamesmouth,MD
502,Katie Hahn,thomasadriana@reed.com,4.52151E+18,Teresashire,GA
503,Steven Horton,kelsey05@hotmail.com,3.78582E+14,South Annbury,NM
504,Thomas Perez,michellebass@hotmail.com,3.73409E+14,Hernandezview,FL
505,Taylor Petersen,stephaniegarner@yahoo.com,5.67911E+11,Rebeccaburgh,ID
506,John Grant,brenda57@gmail.com,6.57977E+15,North Brooke,MN
507,Gina Greer,tamaraadams@fisher.info,4.8507E+18,Thomasbury,SD
508,Elizabeth Hampton,rick05@murray.info,2.70593E+15,East Krystal,VA
509,Antonio Berry,medinarobert@yahoo.com,3.01637E+13,Port Michelleshire,RI
510,Darren Austin,evansbill@rogers.net,4.38062E+15,Port Suzanne,FL
511,Carlos Bowers,twarren@gmail.com,6.75925E+11,New Cynthiamouth,IA
512,Sarah Hall,johnsongrace@jenkins-cooper.com,6.3901E+11,Curtisbury,KS
513,Rebecca Kaiser,isims@parker.com,4.92072E+15,Greenville,NC
514,Jacqueline Murphy,heatherwade@hotmail.com,6.57779E+15,Gallegosshire,IL
515,Cynthia Osborn,cynthia27@hotmail.com,4.2141E+18,Bradview,UT
516,Christopher Paul,hartcharles@gmail.com,4.47716E+12,Billyfort,NC
517,Brent Chang,conleykeith@yahoo.com,6.01188E+15,Port Patricia,RI
518,Cynthia Diaz,mcdonaldnathan@gmail.com,3.59825E+15,East Kenneth,RI
519,Nathaniel Patel,glenngarza@yahoo.com,6.50273E+15,North Jacquelinefort,SD
520,Laura Miller,llane@hotmail.com,4.96831E+15,New Valerie,AR
521,Brett Reid,cameronmay@gmail.com,3.53625E+15,North Jeffrey,WI
522,Kristen Gonzales,brussell@hotmail.com,2.70184E+15,New Michelleland,AR
523,Darryl Chavez,vjuarez@ramirez.com,3.70054E+14,West Kevinhaven,NE
524,John Evans,hallronald@hotmail.com,3.54843E+15,Lake Samantha,OH
525,Brandon Dillon,michaellevine@gray.com,2.13149E+14,Alexisfort,MO
526,Lisa Daugherty,jeffreycopeland@yahoo.com,2.13116E+14,North Chadmouth,KY
527,Stephen Moreno,swagner@hotmail.com,3.56199E+15,Morrismouth,CO
528,Christina Weaver,johnmedina@yahoo.com,2.24271E+15,East Michaelchester,NM
529,Steven Cardenas,nsnyder@gmail.com,4.93242E+18,South Bruce,KS
530,Cassandra Collins,matthew86@hotmail.com,6.01122E+15,Lake Kellyburgh,NM
531,Teresa Rodriguez,carrie75@hotmail.com,6.58001E+15,North Moniquehaven,ID
532,Elizabeth Villarreal,richard05@mitchell.com,3.05211E+13,Lopezville,PA
533,Briana Roth,rodriguezjoel@hotmail.com,4.90652E+15,Port Andrew,SC
534,John Bradford,george22@hotmail.com,4.93408E+15,South Haley,MT
535,Jacob Bishop,jstein@hotmail.com,4.50222E+12,New Toddport,UT
536,Julie Jenkins,dakota08@hotmail.com,1.8007E+14,West Vincent,NV
537,Hunter Peterson,gjones@hodges-grimes.info,5.33154E+15,West Frederick,VA
538,Melissa Little,christian92@cardenas.net,3.00891E+13,Johnshire,MO
539,Nancy Gray,hyoder@rodriguez.com,3.46949E+14,Lake Natasha,MD
540,Michael Williams,brendagarcia@brown-rodriguez.com,3.7085E+14,Leonberg,MD
541,Joel Bennett,jennifermyers@gmail.com,4.59879E+15,Lake Jennifershire,CT
542,Gabriel Lane,tylersantos@cook.net,60402137222,East Annaville,AK
543,Wendy Cannon,lisaharris@gmail.com,4.19161E+15,Laurenstad,PA
544,Monique Benson,sdodson@yahoo.com,3.86113E+13,South Michealstad,PA
545,John Clark,nchavez@snyder-morton.info,3.46305E+14,Joshuachester,MI
546,Julie Porter,charles52@hotmail.com,2.13143E+14,West Matthewtown,AK
547,Kara Brown,williamscharles@hotmail.com,4.05805E+18,Lake Carlabury,WA
548,Thomas Tyler,brucelisa@yahoo.com,3.78939E+14,Smithmouth,HI
549,Brittany Pena,jacob77@hotmail.com,6.50488E+15,Dixonborough,NY
550,John Smith,laceywoodard@johnson.net,2.27615E+15,East Ambermouth,KY
551,Kurt Cook,markjimenez@gmail.com,2.13149E+14,Gregoryville,NV
552,Sean Torres,christinamorse@salazar.com,3.03392E+13,Theresafort,VT
553,Susan Gray,jenningsjoanna@yahoo.com,3.5974E+15,West Jasonborough,MT
554,Bobby Smith Jr.,townsendmark@hotmail.com,3.51183E+15,South Tiffanyburgh,MD
555,Brian Garcia,amurphy@gmail.com,4.88584E+12,Port Justinville,NH
556,Billy Bradford,holtmartin@payne-barnett.com,4.25154E+15,West Stephen,PA
557,Tyler Joseph,fhickman@gmail.com,2.13106E+14,North Karen,OH
558,Alexis Mills,jenniferrose@wells-mitchell.com,2.59022E+15,Nicholasbury,NJ
559,Steve Schmidt,hjackson@gmail.com,4.08398E+15,North Daniel,TX
560,Shelby Owen,timothylynch@long-hale.com,4.20597E+15,New Matthew,ND
561,Jennifer Cunningham,umahoney@yahoo.com,3.73392E+14,West Benjamin,FL
562,Megan Carson,jordanjacob@yahoo.com,3.57987E+15,Morganstad,CO
563,Larry Garcia,melissa62@gmail.com,3.04369E+13,Lake Clayton,MI
564,Patrick Fuentes,singhanthony@gmail.com,3.52789E+15,North Erin,CT
565,Alexandra Kramer,dawn46@jackson.com,4.98711E+12,Dorothybury,GA
566,Mr. Robert Hall PhD,janderson@garcia.org,6.39059E+11,Brownville,DE
567,Sheryl Salas,rsanchez@lucero-jones.com,2.37672E+15,Scottmouth,MT
568,Dorothy Mercer,robertsonnathan@gmail.com,6.53544E+15,Emilyhaven,TX
569,Robert Kelly,ruizmatthew@knox-reeves.com,2.3183E+15,Teresaview,ND
570,Karen Gardner,pgiles@gmail.com,3.77183E+14,Ashleymouth,WA
571,Tracy Rodriguez,kellycoffey@hotmail.com,5.01852E+11,Griffithbury,MO
572,Thomas Bell,yhendricks@hamilton.com,3.53111E+15,Rogersport,IL
573,Jamie Salinas,egates@yahoo.com,4.3031E+12,Port Nicole,MN
574,Kelly Gomez,kristin99@burnett-meyer.com,3.56317E+15,South Gerald,OR
575,Jade Gardner,alex53@kelly.com,3.73209E+14,South Anneburgh,NV
576,Cynthia Cruz,cruzsydney@yates.net,4.78584E+18,Romerofort,WV
577,Cheryl Williams,zschneider@gmail.com,2.22641E+15,West Ambertown,AL
578,Ashley Moses,ngalloway@ochoa.com,6.76124E+11,Tylerhaven,LA
579,Michelle Hudson,ucox@gmail.com,3.80182E+13,West Andrew,WI
580,Rachel Murphy,ryan45@johnson.com,5.02083E+11,Kanefurt,IL
581,Bradley Miller,stephaniehawkins@hart-reed.net,1.80039E+14,Lake Monicachester,TN
582,William Flores,charlesmiller@gallagher-richardson.com,3.5561E+15,Lewisburgh,OR
583,Brittany Kim,rodriguezkimberly@yahoo.com,4.06224E+15,Patriciaberg,RI
584,Paul Robbins,odomamy@price.com,4.46185E+12,Angelamouth,NE
585,Kristin Lopez,proctorheather@huerta.org,6.0113E+15,North Patriciatown,ND
586,Kelsey Watkins,dylanstewart@gmail.com,4.3545E+15,Harveyborough,KY
587,Diana French,brianna17@gmail.com,4.22587E+12,Amandaview,MD
588,Michelle Rice,pweiss@gmail.com,4.94378E+15,North Walter,NM
589,Ann Horn,tanya24@martinez.com,4.73295E+15,North Alexander,OH
590,Amy Mercado,ulee@gmail.com,3.76701E+14,East Kyleberg,OR
591,Tyler Delgado,eosborn@yahoo.com,4.09572E+12,South Elizabethtown,DE
592,James Ball,gallegosjasmine@gmail.com,6.0112E+15,East Jesse,NY
593,Aaron Smith,johnsonpaul@yahoo.com,6.59542E+15,North Jessebury,AZ
594,Michael Brown,marissa43@gmail.com,3.5281E+15,West Ruthchester,IL
595,Brittany Williams,leah32@yahoo.com,4.08821E+18,West Robert,CA
596,Christopher Wilson,ubarnes@acosta.com,5.15727E+15,South Mariafurt,NE
597,Rachel Murphy,aroy@long.com,6.01184E+15,Cindymouth,SC
598,Peter Sharp,charrison@gmail.com,4.85023E+15,East Ivanville,MN
599,Kelli Williams,danielrivers@yahoo.com,4.64637E+18,Donaldland,SD
600,Cindy Russell,johnsonjack@gmail.com,3.53567E+15,West Brianbury,AZ
601,Abigail Dalton,daviscaroline@delacruz-nelson.com,6.01145E+15,Fosterside,SC
602,Mr. Stephen Johnson,vanessaoliver@yahoo.com,2.13162E+14,South Kristenmouth,NJ
603,Stuart Macias,michael74@ramirez.com,4.27036E+18,Amyborough,NY
604,Christine Murphy,hursttammy@villegas.com,3.0478E+13,Taylorport,MO
605,James Miller,dmiller@howard.com,1.80083E+14,Lake Joanne,NH
606,Karen Gardner,jacquelinesmith@gmail.com,2.13108E+14,South Crystal,MT
607,Troy Richards,lisa04@yahoo.com,6.56915E+15,East Rebecca,MT
608,Anthony Hansen,suttonmatthew@wall-davis.net,2.13181E+14,Youngmouth,SD
609,John Rodriguez,eric62@hotmail.com,4.71956E+12,New Anthonyfort,DE
610,Paul Singh,chad46@gmail.com,1.80061E+14,Port Pamelaburgh,UT
611,Michael Powell,martinezmadison@clark-obrien.com,3.73345E+14,Lake Mark,WI
612,Emily Holloway,welchamber@moore.com,2.25489E+15,Port Sandraland,NJ
613,Justin Wright,gregory93@miller.biz,3.50784E+15,New Mary,VA
614,Michael Clark,annaeaton@ayers-levy.info,3.71013E+14,Port Samantha,MN
615,Danny Cameron,jacksonjames@moss.net,4.42874E+18,Justinland,LA
616,Lauren Odom,everettanthony@gmail.com,3.00484E+13,West Andrea,IN
617,Laura Fernandez,klittle@powers.com,5.65259E+11,West Thomas,PA
618,Karen Lopez,fmccann@hotmail.com,4.06209E+18,Edwardborough,CA
619,Ricardo Wallace,pbryan@yahoo.com,3.52051E+15,Shirleyfurt,WY
620,Mr. David Davis,mcmillanmary@yahoo.com,2.13189E+14,Davistown,VT
621,Kimberly Robinson,ewinters@collins-robinson.info,3.51222E+15,North Corey,DC
622,Cynthia Wheeler MD,daniel86@archer.biz,4.03385E+18,North Gregoryborough,ID
623,Michelle Martinez,gbenson@hotmail.com,4.85686E+12,Gallowayville,MD
624,Jackson Wise,daniel14@hotmail.com,2.13175E+14,West Cynthia,NV
625,Walter Bailey,fisherrebecca@houston.com,4.30785E+15,Hayleyview,MA
626,Shelly Abbott,castanedajames@williams.info,4.21843E+12,Taylorchester,AZ
627,Andrew Skinner,zallen@hotmail.com,2.13186E+14,Lake Joseph,TX
628,Stephanie Roth,stephanie81@johnson-gibson.com,3.56204E+15,Garyborough,KY
629,Noah Mcdaniel,guy50@hotmail.com,5.45379E+15,West Diana,MN
630,Michael Rodgers,gmolina@walsh.info,4.3795E+15,North Chelseahaven,MI
631,Vincent Logan,qjohnson@noble-bell.com,2.29448E+15,Melissaland,UT
632,Stephanie Harris,silvajamie@hotmail.com,2.27074E+15,South Amandaport,NY
633,David White,calvin69@bender-davis.com,2.72006E+15,Port Eileen,VA
634,Thomas Cole,kanderson@yahoo.com,6.0113E+15,Mackborough,RI
635,Lisa Jones,kristenskinner@conway.com,4.81615E+18,East Christopherfort,WI
636,Rebecca Washington,iwalls@gmail.com,3.69495E+13,Jeremyfurt,AZ
637,Phillip Peters,michael24@brown.org,2.22655E+15,Port Samuel,MT
638,Gary Vaughn,michael13@ali.com,1.80086E+14,Martinville,ID
639,Jessica Ramos,gatessamuel@torres-graves.org,4.62402E+18,North Rhondastad,AK
640,Erica Li,uking@gmail.com,5.7275E+11,Port Carolynport,WV
641,Denise Cook,santossteven@black-campbell.com,3.02813E+13,Elizabethchester,NY
642,Kimberly Delacruz,fernandopratt@knight.com,3.01325E+13,Mikeland,NC
643,Brian Santiago,darnold@yahoo.com,3.53363E+15,Port Chelsea,CO
644,Nancy Barnes,frodriguez@perry.com,3.56928E+15,South Ginaside,TN
645,Alexis Saunders,jill78@gmail.com,1.80073E+14,Sharonburgh,LA
646,Tonya Cunningham,shawncherry@gmail.com,5.11275E+15,North Suzanne,CO
647,Willie Estrada,leblancdonald@hotmail.com,4.4943E+12,Keithmouth,MO
648,Melinda Lee,lloydjason@jensen.org,3.53813E+15,Colinland,OH
649,Marvin James,garciatiffany@yahoo.com,4.39603E+15,West Tanya,NY
650,Jill Campbell,xandersen@kramer-tanner.com,6.56015E+15,Richburgh,IA
651,Dylan Meyer,robert72@hotmail.com,3.74589E+14,Lisafort,NV
652,Melissa Combs,jeffreyholmes@gmail.com,4.67617E+18,Port Mark,NV
653,Jacqueline Alvarado,hholland@hotmail.com,2.13159E+14,Rowebury,NY
654,Stacy Gomez,staceyjohnson@yahoo.com,4.92533E+18,Kellyfort,IA
655,Nancy Collins,jcarpenter@mcguire.org,2.13116E+14,Millsberg,AK
656,Justin Mendez,angelahanson@johnson.org,5.0184E+11,West Regina,NM
657,Bradley Miles,griffinjordan@larson-gamble.com,4.47738E+15,Crystalside,CO
658,Misty Jackson,jeanettehayes@gmail.com,6.01186E+15,West Rose,NY
659,Kevin Santiago,jamesmichael@irwin.org,3.72163E+14,West Daniel,TN
660,Amanda Lopez,jessica52@davis-conley.com,3.01213E+13,West Megan,UT
661,Christina Anderson,deckerrebecca@lam.com,6.56591E+15,Jesusside,DC
662,Jessica Zavala,cameronkennedy@rivera.biz,3.51404E+15,Gonzalezbury,SD
663,Jordan Mcdonald,jenkinsanthony@johnson.biz,4.58946E+18,New Donnatown,FL
664,Kyle Hernandez DDS,halljennifer@gmail.com,3.56257E+15,Alexanderfort,AL
665,Mark Vance,branchjillian@thomas-black.com,2.71844E+15,South Christopherport,WY
666,Diane Powell,vmoore@yahoo.com,4.42507E+15,South Karinaburgh,MA
667,Michael Smith Jr.,john72@murphy.com,4.31831E+15,Carrollview,NH
668,Robert Morgan,smartinez@anderson.com,5.71912E+11,Jonathanville,MA
669,Roger Powers,robert24@yahoo.com,1.80006E+14,South Jenniferborough,AL
670,Jennifer Middleton,carmenjohnston@hotmail.com,2.72011E+15,Huntershire,IN
671,Samantha Saunders,hansenmatthew@sparks.com,3.52212E+15,Lopezhaven,MA
672,Nathan Robertson,cperkins@gmail.com,3.57606E+15,East Bradville,MO
673,John Morrow,beckchristopher@wilson.com,3.51487E+15,Mcneilhaven,NH
674,Eric Serrano,crystal19@armstrong-marshall.com,3.01973E+13,Melissabury,MT
675,Sophia Gomez,yfarmer@boone-martin.info,4.15741E+15,Russellton,VA
676,Mary Vargas,bonillakenneth@nolan.com,4.48827E+12,Daniellefort,MS
677,Allison Murphy,thomas14@gmail.com,3.50313E+15,Lake Stephenstad,MO
678,Michael Anderson,christopherpatterson@yahoo.com,4.42637E+12,Smithshire,ID
679,William Lester,oliviamorrow@yahoo.com,3.5089E+15,Lake Chadton,GA
680,Michael Sullivan,christopher32@smith-petty.com,4.69144E+18,Tiffanyfort,MT
681,Ivan Williamson,lindaaustin@ramirez.com,2.24646E+15,Donaldview,MD
682,Michael Christian III,michellebridges@richardson.com,4.46622E+12,Christineview,FL
683,Patricia Bautista,evan19@hotmail.com,3.02747E+13,West Deborahburgh,MS
684,Jonathan Johnson,christophermorrison@campbell-gregory.com,2.1316E+14,Philiphaven,NM
685,Katherine Forbes,meredith66@yahoo.com,4.49534E+12,Port Michaelchester,OK
686,Brandy Green,phillipsjohn@gmail.com,2.13197E+14,South Judy,CA
687,Melanie Oconnell,patriciaboone@yahoo.com,3.5406E+15,Nortonview,IN
688,Jason Holmes,grant02@gmail.com,4.76549E+15,West Luisfort,MD
689,Robert Williams,danielcunningham@vasquez-shah.com,3.00912E+13,Nelsonfurt,PA
690,Tony Cook,chloebates@jackson.org,4.32458E+18,Wattsside,NJ
691,Troy Miller,xhernandez@hughes.com,3.05544E+13,South Michael,NH
692,Bonnie Williamson,samantha02@brown.org,2.29954E+15,Jessicaport,NC
693,Martha Brown,tammyclark@ferguson.com,4.33563E+15,Lake Anna,CT
694,Antonio Walls,samanthasilva@gmail.com,4.93287E+15,Daltontown,RI
695,Steven Rivera,oadams@yahoo.com,4.30429E+15,Kellyview,TX
696,Robin Peterson,jamesprice@cortez.org,6.76247E+11,Armstrongchester,NC
697,Anthony Hatfield,jennifermiller@hill.com,4.69265E+18,Keithview,KS
698,Robert Gill,chandlerdiane@sutton-simmons.net,4.07838E+15,New Beckyfort,RI
699,Dawn Ramirez,yhall@gmail.com,3.57338E+15,Alanton,KY
700,Julie Sanchez,robertlin@howard-mccoy.biz,2.24721E+15,Port Susan,CA
701,Cameron Roberts,hramirez@yahoo.com,6.51387E+15,Port Joanna,NJ
702,Corey Davis,pramirez@clark-harris.com,3.6994E+13,Aprilberg,HI
703,Melissa Jackson,bonnie54@hotmail.com,4.59092E+18,West Emily,IA
704,Brooke Campbell,lfoley@yahoo.com,4.92477E+15,Port Taylor,IN
705,Stephen King,kristen41@logan-howell.com,6.55691E+15,Shellymouth,FL
706,David Durham,rickykelly@gmail.com,4.84828E+12,West Jason,IN
707,Olivia Rodriguez,victorodonnell@gmail.com,2.43128E+15,Kevinberg,WY
708,Daniel Carney,aaronroberts@torres.com,4.85459E+12,East Travisstad,OH
709,Dr. Richard Green,arnoldjacqueline@mckay.com,4.49324E+15,Douglasburgh,TX
710,Christina Schmidt,david34@brown.com,4.67866E+18,North Elizabethbury,MI
711,Edward Bond,mnelson@yahoo.com,6.56189E+15,New Jessicamouth,MN
712,Elizabeth Nelson,cruzwilliam@gmail.com,6.30408E+11,New Lori,PA
713,Heather Gardner,steelemichael@schultz-sawyer.biz,3.04019E+13,Josephshire,MA
714,Sylvia Harrison,michael39@gmail.com,4.07395E+18,Carlton,FL
715,Adam Sanchez,huntjeff@hotmail.com,4.31563E+15,Port Peter,NE
716,Larry Wilson,dylanreynolds@jordan-cruz.com,3.02302E+13,Gwendolynberg,OR
717,Sarah Warren,davidjones@dudley-johnson.com,1.80064E+14,West Jenniferstad,DC
718,Robert Malone,angela79@noble-bruce.net,1.80096E+14,New Dylanberg,DE
719,Nicole Smith,shanerodriguez@richardson.info,6.01108E+15,South Maria,NE
720,Valerie Chavez,stacy78@hotmail.com,4.68115E+15,Port Joshuaberg,TN
721,Nicole Butler,larrygonzalez@yahoo.com,4.09731E+15,Smithtown,AK
722,Jose Rogers,michael21@hotmail.com,3.57515E+15,Lake Jennifer,CO
723,Brandi Mcclain,theresa53@hotmail.com,3.59297E+15,Lake Samanthaview,DC
724,Carl Schaefer,vgarcia@yahoo.com,6.30483E+11,South Jose,PA
725,Caitlyn Dennis,xtorres@chen-zuniga.com,1.80089E+14,New Jasontown,AK
726,Meagan Baird,savagenancy@nichols.net,1.80009E+14,Mitchellberg,UT
727,Stephen Lyons,kimberlyalvarez@gmail.com,3.5875E+15,Pamelahaven,TX
728,Caleb Reeves,kevinrasmussen@cobb.org,1.80052E+14,Mcgeefort,CO
729,Ryan Henry,esmith@mitchell.info,3.48318E+14,Susanbury,WV
730,Matthew Farmer,aingram@yahoo.com,3.57583E+15,Jessicachester,KY
731,Don Rice,kingchristopher@white.com,3.7594E+14,Port Rachel,CT
732,Jenna Valdez,sextonian@hotmail.com,6.53518E+15,Gibsonmouth,NH
733,Daniel Serrano,ymcdaniel@yahoo.com,5.79158E+11,Stephenshire,MT
734,Elizabeth Hicks,jennifer99@gmail.com,3.40712E+14,New Hannahshire,MS
735,William Peters,jennyrobertson@nguyen-harvey.info,4.40085E+12,Graybury,MT
736,Carolyn Harris,samuel63@hotmail.com,4.79132E+12,Patriciatown,DC
737,Courtney Price,paulnash@howell.org,4.33576E+18,Davisburgh,WV
738,Kaitlyn Horton,sotoamanda@gmail.com,4.10079E+15,Smithview,NH
739,Kenneth Dickson,ramirezsharon@yahoo.com,4.73261E+15,Jessicafort,WI
740,Nicole Adams,hatfielderica@li.com,6.52322E+15,South Michael,OK
741,Ashley Rojas,francisco47@gmail.com,3.58786E+15,Lake Angelaville,WI
742,Bradley Maddox,richard66@hernandez.com,4.8168E+15,North Anita,MA
743,Robert Brooks,clarkspencer@hotmail.com,5.01816E+11,Brittanytown,MN
744,David Estrada,richmondaimee@yates-aguirre.net,3.52712E+15,Bryantside,TX
745,Leslie Koch,jasonarcher@campbell.biz,6.52535E+15,East Matthew,AK
746,William Olsen,gmathis@ortiz-solis.com,6.01162E+15,Carolynton,FL
747,Amanda Thompson,newmankyle@gmail.com,4.9579E+15,Port Samantha,AR
748,Jessica Thompson,carlospeters@hotmail.com,1.80077E+14,Blanchardtown,WV
749,Jennifer Burke,heathertanner@yahoo.com,5.12138E+15,North Leah,OH
750,Allison Johnson,sanchezdouglas@williams-valdez.com,4.32983E+15,Lake David,RI
751,Benjamin Ward,zwhite@yahoo.com,4.73416E+15,Port Kimberlyhaven,GA
752,Ann Lindsey,kristi65@tran.net,3.40402E+14,Masonville,SD
753,Shannon Adams,williamhoover@yahoo.com,4.87885E+18,Jenkinstown,MN
754,Sean Roth IV,shawn25@gmail.com,3.45917E+14,Lake Rogershire,UT
755,Chelsea Andersen,fmcguire@hotmail.com,6.01134E+15,Erikaview,WY
756,Bruce Humphrey,charles68@cohen.com,2.13121E+14,West Rachelstad,NC
757,Jamie Morales,tammy93@price.info,4.6066E+12,Millerport,WA
758,Christina Navarro,kgomez@hotmail.com,6.76384E+11,Kristinborough,OK
759,Megan Clark,alyssa70@yahoo.com,4.36158E+15,East Tanyaview,VT
760,Jill Pratt,nicholas48@castro-adams.com,4.05555E+15,Lauraton,ME
761,Traci Lutz,gabrielle81@larson-ruiz.com,1.80053E+14,North Adam,MD
762,Mandy Reese,hgriffin@bishop-romero.info,3.59671E+15,Traciland,FL
763,Lynn Robinson,josephdavis@hotmail.com,4.85847E+15,West Amanda,DC
764,Shannon Howard,hmullins@dixon.com,2.66656E+15,West Keithmouth,NH
765,Kimberly Martinez,matthewreynolds@hotmail.com,3.56068E+15,South Brittany,CA
766,Amy Brown,jodi24@hotmail.com,3.55642E+15,Rodneyfort,AK
767,Nicholas Daniels,aross@yahoo.com,6.76283E+11,Rasmussenshire,NM
768,Crystal Blair,jose41@fowler.net,4.84381E+12,West Adrian,MD
769,Sarah Francis,jessehowe@jackson.org,6.01169E+15,Jenniferville,ME
770,Matthew Mack,bethanystevens@yahoo.com,3.51787E+15,Monicaburgh,NE
771,Joseph Parks,charlesnewman@hensley-ramirez.org,3.50282E+15,Huntburgh,WI
772,Mariah Gonzalez,julie90@yahoo.com,3.00328E+13,Morganside,MN
773,Angel Conway,keith97@smith-harrison.com,4.26947E+15,Michelleton,PA
774,Manuel Bradley,rchapman@gmail.com,3.5591E+15,Johnsonview,KY
775,Scott Moyer,owong@hunter.com,4.33722E+15,North Lisastad,WY
776,William Suarez,abigailhess@bautista-mccann.com,4.49159E+15,Johnport,KS
777,Stephanie Williams,ysalazar@cruz.com,3.02591E+13,Port Stephanie,MA
778,Lisa Burton,kari15@rogers.com,3.66693E+13,Sarahport,TN
779,Erica Gibson,deborah19@johnson-baker.biz,4.99023E+15,Joseside,AL
780,Stephanie Kelly,curtisdavid@turner.com,4.37113E+18,North Destinyville,WA
781,Alex Lewis,igraham@morales.com,3.54016E+15,Scottmouth,AR
782,Jeffrey Dunn,castillodanielle@gomez.biz,4.93771E+18,North Jon,MO
783,Kaylee Kelly,maurice48@hernandez.com,2.48094E+15,Lake Brent,TX
784,Lori Kerr,william23@gmail.com,4.93435E+15,Reginaside,PA
785,Chad Brown,ricesara@yahoo.com,4.43897E+15,Matthewport,MT
786,Mike Johnson,sheila30@williams-griffith.net,3.50716E+15,South Scottchester,VT
787,Ronald Thomas,brendasmith@johnson.com,6.76172E+11,Brandichester,ME
788,Patrick Bradley,ksmith@gmail.com,1.80047E+14,North Denise,SC
789,Timothy Fields,wongraymond@yahoo.com,3.45769E+14,Brandonland,MT
790,Linda Russell,rhancock@yahoo.com,4.86328E+15,New Sarastad,UT
791,Jeffrey Guerrero,sgreen@yahoo.com,4.49382E+15,East Patrick,CT
792,Jennifer Gibson,bryangibbs@woods.com,6.76313E+11,Weberland,DC
793,Antonio Lane,qsingleton@harmon.com,3.01236E+13,South Christopher,WA
794,Deborah Kemp DVM,andrea74@fuller.biz,2.27963E+15,East Marybury,PA
795,Penny Church,amandageorge@yahoo.com,4.50217E+18,Port Brian,MN
796,Stephanie Fisher,edwardshaw@smith.com,3.54557E+15,East Charlesland,ME
797,Randall Burgess,spineda@lawson.org,4.4543E+18,Port Mark,KY
798,Jamie Griffin,lwagner@armstrong.com,6.39041E+11,South Josephborough,MT
799,Kathryn Dixon,xatkinson@petersen.biz,4.76965E+15,Lake Bonniehaven,AZ
800,Zachary Zhang,davisangela@adams-parker.com,3.5574E+15,Lake Stevenburgh,GA
801,Jeremy White,lmorgan@flores-ellis.com,2.13132E+14,New Sheila,PA
802,Stacy Pena,samantha32@taylor.com,4.68565E+18,Davisburgh,NV
803,Michael Brown,baldwinmarie@arnold.org,6.76193E+11,Ginaland,FL
804,Martin Lopez,hollowaykimberly@hotmail.com,3.50226E+15,South Melissamouth,NE
805,Amanda Ruiz,michaeljames@johnson-munoz.com,3.61194E+13,West Mauricestad,PA
806,Tammy Cox,jacob13@gmail.com,3.82735E+13,Hunterfurt,LA
807,Christopher Long,cynthiaromero@small.com,3.57151E+15,Tammyberg,OK
808,Shawn Carson,dakota12@yahoo.com,3.04242E+13,North Mary,DC
809,Elizabeth Cook,greed@yahoo.com,3.52526E+15,Port Tiffany,HI
810,Erika Robinson,melissa83@odonnell.biz,4.49265E+18,Dickersonhaven,WV
811,George Kerr,stephen59@cruz.com,3.01649E+13,Turnerville,MA
812,James Allen,peterfernandez@snyder-cervantes.net,3.5634E+15,Ashleymouth,ID
813,Marco Hansen,eramirez@gmail.com,4.45804E+12,Whitestad,NC
814,Eric Martin,cruzsteven@yahoo.com,60451639441,Griffinton,AL
815,Charles Owens,harold06@camacho-beck.net,4.97905E+15,Port Laurahaven,VT
816,Tanya Deleon,campbelljoshua@gmail.com,3.59168E+15,Hornshire,NJ
817,Mary Duncan,rgarcia@gmail.com,4.33449E+18,Lake James,NE
818,Jesus Mitchell,morganmolly@gmail.com,4.6016E+15,Dianabury,CT
819,Alison Smith,walshsheila@bowman.com,5.71629E+11,Evanberg,MO
820,Nancy Cannon,bradfordrobert@martin.biz,4.95609E+12,Jacksonborough,IL
821,Maria Lamb,jeffrey67@gmail.com,3.50493E+15,Curtismouth,WY
822,Benjamin Leon,wboone@patrick.com,1.80026E+14,Port Samanthatown,HI
823,Joshua Fields,hwhite@hotmail.com,4.93545E+12,North Diana,VT
824,Rebekah Best,fordadam@norris-moss.info,5.01862E+11,East Matthew,ID
825,Joanna Lopez,kenneth95@harrell.com,4.40691E+12,Sandersview,MA
826,John Blake,torreskenneth@yahoo.com,4.01372E+15,New Jay,ME
827,Alyssa Parker,lowemichelle@jones.com,1.80086E+14,East Brian,AZ
828,Emily Hunter,jeffrey28@frye.info,4.51278E+18,Shanestad,MO
829,Jessica Henry,marcusroy@morgan.com,3.02356E+13,Stokesland,MT
830,Scott Collins,jeanettetate@contreras-lyons.info,3.44933E+14,Stephenhaven,KY
831,Julia Chang,teresa74@yahoo.com,4.49069E+15,Lake Gina,KY
832,Emily Curtis,amberbradley@hotmail.com,3.53098E+15,Fostertown,IL
833,Samuel Bean,barbara01@reed-strong.net,5.72058E+11,Curtisport,ID
834,Alyssa Lewis,caguilar@gmail.com,2.38079E+15,Lake James,MD
835,Meghan Hamilton,vedwards@sanders-cox.com,4.14619E+12,Port Shaunbury,ME
836,Jamie Webb,meagangreen@brown-martinez.net,6.39032E+11,Aprilchester,MT
837,Carol Downs,margaret90@graham.info,4.84697E+18,Russellbury,WI
838,Brianna David,orogers@bennett.com,3.74098E+14,Cohenburgh,OK
839,Kristen Boyle,guzmanedward@hotmail.com,3.01929E+13,Castroport,DE
840,Brent Sanford,stokesnicholas@dunn-foster.org,4.43809E+15,New Jessetown,ME
841,Alyssa Farrell,tduffy@gomez.info,3.58755E+15,North Jenniferhaven,OR
842,Yesenia Mahoney,mortonhannah@gmail.com,3.53314E+15,North Antonio,MS
843,Carolyn Arnold,james52@yahoo.com,3.65265E+13,West Lisabury,OK
844,Jose Berry,carrie94@yahoo.com,5.24729E+15,Simsstad,DC
845,Lawrence Smith,qmartinez@copeland.com,4.22031E+15,West Rickychester,AK
846,Melinda Kramer,darren18@gmail.com,3.02269E+13,Mccormickberg,IN
847,Philip Williamson,staceychristensen@gmail.com,4.24825E+18,Marychester,NY
848,Shawn Stone,caitlynhill@lee.com,2.71063E+15,Andrewhaven,CA
849,Kara Martinez,matthew87@gmail.com,3.01473E+13,Davidville,FL
850,Kathleen Pham,dominique06@yahoo.com,4.18501E+15,South Maryshire,PA
851,Sean Robinson,ravenkelly@yahoo.com,4.58703E+15,Port Heatherhaven,UT
852,Christopher Olson,msmith@hotmail.com,6.76134E+11,South Ashley,VA
853,Andrew Wong,brittanycook@soto.com,1.80057E+14,West Christopher,MI
854,Maureen Browning,kristilloyd@warren.org,5.30031E+15,Jamesmouth,GA
855,Donna Hahn,nicholenelson@yahoo.com,4.87181E+15,New Michaelfort,GA
856,Mark Davidson,jeremylopez@yahoo.com,3.53802E+15,New Sophia,AR
857,Briana Davis,xmartin@hotmail.com,4.68749E+18,Annafort,ME
858,Bradley Diaz,miranda81@gmail.com,4.78604E+18,North Jessetown,KS
859,Mark Aguirre,jjohnson@torres-wright.com,4.68746E+15,Lake Nathan,AK
860,Carolyn Smith,harrelldeborah@yahoo.com,3.59452E+15,Port Amber,GA
861,Danny Brown,rreynolds@houston-donovan.com,3.53241E+15,Michaelshire,VA
862,Keith Warren,dustin53@scott.com,4.12405E+15,Brianbury,ND
863,Megan George,lewisclaire@owens-holland.info,5.13108E+15,Taylorbury,PA
864,Thomas Sharp,claudia87@mcgee-brown.com,1.80001E+14,Clarkport,IN
865,Eugene Miller,ginagonzalez@long-thompson.info,5.33651E+15,South Danny,TN
866,Thomas Young,chavezmorgan@hotmail.com,1.80094E+14,Lake Lisaton,IL
867,Kyle Williams,conleydaniel@hernandez.com,3.00547E+13,South Julia,AL
868,Melinda Zimmerman,emma71@brown.com,4.78921E+15,South Brandon,OR
869,John Tucker,steelejennifer@gmail.com,6.39077E+11,Williammouth,GA
870,Ricky Taylor,reyesmichelle@yahoo.com,4.11313E+15,Howardberg,UT
871,Latoya Bennett,ericowens@yahoo.com,4.4804E+15,Lake Nicoletown,RI
872,Gregory Hernandez,gwaters@yahoo.com,3.55293E+15,Whiteheadberg,NY
873,Andrew Lewis,angelabenson@harrell.com,5.67727E+11,East Lauraland,NE
874,Ashley Campbell,evanarmstrong@smith.com,3.57447E+15,New Stacie,OR
875,Emily Morton,smithdarryl@kane.com,2.13128E+14,Youngfort,KY
876,Heather Stewart,laceykelley@hotmail.com,3.0574E+13,New Ericatown,OH
877,Michael Morris,peter89@yahoo.com,3.45515E+14,Lake Jessica,OH
878,Clayton Meadows,sextonjames@gmail.com,3.79859E+14,Scottview,CA
879,John Stein,josebrown@gmail.com,2.13193E+14,Larsonmouth,CA
880,Kristin Garcia,steven76@yahoo.com,4.79163E+15,West Paul,VT
881,Joseph Hoffman,angelagonzalez@austin.com,4.91482E+12,Steeleport,AZ
882,Theresa Bradshaw,sarah66@yahoo.com,4.16883E+18,New Amandaview,NV
883,David Davis,lewismary@hotmail.com,3.5175E+15,South Amy,DE
884,Tiffany Steele,amanda89@hotmail.com,4.5498E+12,Port Robert,OK
885,Lisa Ramirez,michaelryan@gmail.com,6.59744E+15,South Anthony,NM
886,Deanna Bowers,amy81@richards.com,6.01159E+15,North Tracy,FL
887,Destiny Pham,valerieperry@yahoo.com,4.73632E+12,South Malikside,HI
888,Bryan Wilson,andreawilliams@yahoo.com,2.43275E+15,Michaelhaven,MI
889,Mary Obrien,kim92@hotmail.com,3.00095E+13,Finleyview,VA
890,William Williams,valeriethompson@mendoza.com,6.55021E+15,West Laurie,NM
891,Sarah Garcia,caitlin07@gmail.com,3.45366E+14,East Joannaton,NJ
892,Katherine Miller,robert05@gmail.com,4.05277E+18,Port Raymond,MD
893,Bianca Edwards,hlivingston@reese.com,4.99393E+12,Baileyshire,NJ
894,Nicholas Irwin,tuckeranthony@yahoo.com,3.54922E+15,Cardenasside,RI
895,Dr. Joanne Williams,dclay@hotmail.com,4.33785E+12,Matthewburgh,MS
896,Stephanie Jackson,englishmichelle@beck.com,3.57228E+15,Port Charlotte,WA
897,Jeffrey Carter,spalmer@yahoo.com,1.80009E+14,West Maryton,IA
898,Chelsea Ray,lori59@hotmail.com,3.78372E+14,Lake Sean,AK
899,Karen Hays,whiteheadamber@yahoo.com,6.58407E+15,West Valerie,WY
900,Angela Edwards,lwatson@hotmail.com,3.00455E+13,Port Clifford,CA
901,Richard Munoz,justin29@roth.net,4.364E+15,Deannaburgh,NV
902,Nancy Williams,mackenzie12@gordon-murphy.info,4.78835E+15,Piercefurt,CA
903,Alexander Crane,kellyrussell@cervantes.com,2.67547E+15,Brennanchester,AL
904,Juan Rogers,jtaylor@gmail.com,2.13145E+14,Lake Timothymouth,CA
905,James Smith,whunt@yahoo.com,6.515E+15,Martinhaven,NV
906,Kellie Peck,allisonwilliams@robinson.com,4.65955E+12,Goldenton,PA
907,Jeanette Johnson,jeffreymiller@scott.net,2.27729E+15,Lake Maria,MA
908,Scott White,jodi52@king.net,4.62388E+18,South Kaylamouth,LA
909,Haley Williams,phillipsdavid@gmail.com,6.01152E+15,Grahamport,ME
910,Lauren Jimenez,michael04@clark.info,3.50833E+15,Welchburgh,ND
911,Jordan Clarke,barbara72@luna-smith.com,4.90207E+18,Webbside,GA
912,Robin Johnson,kyle33@black.info,4.45914E+12,Port Curtisburgh,NV
913,Karen Sanders,johngordon@gmail.com,3.5829E+15,South Michaelside,OR
914,Mark Schneider,ajackson@christensen.com,3.58947E+15,Lake Lisaborough,NM
915,David Jackson,millerbrooke@gmail.com,1.8006E+14,Wardshire,MA
916,Benjamin Atkins,rhodesbrent@dean.com,3.42846E+14,Williammouth,MN
917,Allen Lawson,jason23@bishop.com,3.58205E+15,Smithshire,IA
918,Brandon Wise,idalton@hotmail.com,4.36416E+12,Kimberlyside,RI
919,Tammie Avila,lauren37@jackson.net,3.04185E+13,West Lisa,MI
920,Donald Zimmerman,zbrooks@spencer.com,4.97685E+18,North Nicole,ND
921,Katherine Campbell,carriesanders@hotmail.com,5.66454E+11,Navarroport,MI
922,Jennifer Ramos,johnathanandrews@yahoo.com,4.29846E+15,Port Karenview,VT
923,Nathaniel Green,gonzalezbianca@hotmail.com,4.97361E+18,Markshire,ID
924,Sarah Peterson,stacyfischer@yahoo.com,3.03987E+13,Dickersonmouth,KY
925,Melissa Cruz,micheleolson@ellis-perez.biz,5.02082E+11,South Corey,LA
926,Jeff Crawford,markfoster@hotmail.com,3.54952E+15,Lake Laurie,AL
927,Tammy Sweeney,christie38@yahoo.com,4.86176E+12,Pearsonberg,CT
928,Crystal Spence,william47@gmail.com,6.01152E+15,South Linda,NV
929,Victoria Taylor,lesterdavid@hotmail.com,5.79005E+11,South Tylerfort,FL
930,Shari Berry,rachellin@yahoo.com,4.80918E+15,Chelseachester,SC
931,Stephen Jones,stephanie77@harris.com,4.0463E+15,South Jason,DE
932,Keith Hill,gmckee@hotmail.com,5.03897E+11,Carrieland,DE
933,Catherine Willis,melissacobb@hotmail.com,2.13101E+14,Port Codyville,CT
934,Tina Hopkins,kimberlymedina@ewing.com,4.87384E+15,Longburgh,KY
935,Phyllis Wong,palmerdanielle@hotmail.com,3.40112E+14,Nathanland,KS
936,Emily Murphy,jeffrey77@carter.com,3.50056E+15,Lake Tammystad,MO
937,Yolanda Lucas,susan12@yahoo.com,3.74702E+14,Hollystad,MD
938,Mitchell Harding,eric68@hotmail.com,3.00261E+13,Reynoldsborough,MD
939,Paula Gallagher,eddieharris@gmail.com,3.48906E+14,West Georgeton,WI
940,Christopher Robinson,candacefrancis@yahoo.com,2.34813E+15,Alexisview,AK
941,Brian Anderson,timothy92@henry.info,3.59594E+15,Goodwinborough,MI
942,Ian Jones,anthony62@barker.com,3.03688E+13,West Samuel,KS
943,Kayla Blackwell,stephaniemontgomery@wilson-harris.net,4.96062E+18,Lake Brianaport,IN
944,Jessica Jackson,zgibbs@hotmail.com,4.55671E+15,North Randall,HI
945,Deborah Juarez,jamessingh@gmail.com,6.76271E+11,Lake Elizabeth,AL
946,Lisa Phillips,isharp@lee.com,4.34068E+18,North Timothy,NH
947,Michael Johnson,gmorris@hotmail.com,4.91191E+15,North Shawnberg,NJ
948,Brian Johnson,christopher31@gmail.com,6.59427E+15,New Jessica,MO
949,Daniel Khan,smithbill@crosby.org,3.43579E+14,East Lauren,MI
950,Taylor Miller,sylvianichols@yahoo.com,2.29257E+15,Pagehaven,NJ
951,Roger Bruce,holly52@davis-harrison.info,2.13194E+14,West Josephport,DE
952,Jennifer Dyer,shane79@reyes-gonzalez.com,6.01162E+15,Phillipstad,AL
953,David Garcia,johnsonbrenda@guzman.com,3.53779E+15,Caldwellstad,MD
954,Alexander Jackson,karen39@hotmail.com,4.93029E+18,West Julia,ND
955,Daniel Jones,andrewsjohn@foley.com,3.58502E+15,Rodneyton,MA
956,John Johnson,drojas@yahoo.com,4.48127E+18,Johnsonport,IL
957,Kayla Cook,smithvictoria@yahoo.com,3.59167E+15,West Manuelville,OK
958,Derrick Smith,swilson@gmail.com,4.15764E+18,Port Nicholasfurt,IN
959,Christy Johnson,hharris@hotmail.com,4.09401E+15,Lake Erica,AL
960,Michael Mclaughlin,courtneyblankenship@hawkins.com,1.80066E+14,South Danport,KS
961,Andrea Henson,fcox@hotmail.com,4.40547E+15,Port Robin,SC
962,Melissa Hughes,clinelisa@moore-kent.com,3.46342E+14,Maysside,ME
963,Casey Alexander,joel00@hill-bailey.info,6.01178E+15,New Debra,ND
964,William Garrison,ogray@stone.com,4.17451E+12,North Brookeland,AK
965,Matthew Young,msmith@yahoo.com,3.45776E+14,Lake Steve,NC
966,Vanessa Williams,deleonmelissa@hotmail.com,4.70256E+12,North Angelaside,MO
967,William Lee,kyledalton@yahoo.com,4.56295E+15,North Phyllis,IN
968,Jennifer Duncan,sarabishop@conway.net,4.83626E+12,East Andreafurt,TN
969,Nicholas Fox,roger40@yahoo.com,2.13132E+14,West Ashleymouth,WY
970,Angela Pena,kimberly44@yang.biz,3.52317E+15,Dawnshire,OH
971,Holly Calderon,scott32@george.biz,4.98462E+12,West Reginaldmouth,NJ
972,George Davis,hallwilliam@guerrero-jones.com,5.74976E+11,Grantbury,KS
973,Travis Brown,xbarker@yahoo.com,4.60081E+15,Marvinfort,NV
974,Guy Odom,tvincent@mccarthy.org,2.28766E+15,Matthewstad,CO
975,Tina Hester,mikebrown@hotmail.com,3.56278E+15,New Julialand,NJ
976,Deborah Martinez,westbrian@little-clark.net,1.80088E+14,Louischester,OR
977,Elizabeth Smith,mario50@gmail.com,5.01806E+11,East Robertbury,NC
978,Jessica Mcdonald,josephlam@hotmail.com,2.13136E+14,Cowanchester,AK
979,Micheal Hernandez,halekristi@cain.com,4.16816E+15,Jessicaberg,RI
980,Jerry Smith,schung@gmail.com,3.50373E+15,North Denise,NY
981,Jessica Cooper,catherine17@hotmail.com,2.28185E+15,North Isabellahaven,OK
982,Steven Parker,alexandercarl@johnson.biz,5.03895E+11,Lake Thomasmouth,MI
983,Rose Ayala,luke28@gmail.com,4.14137E+12,South Erica,ID
984,Carol Caldwell,heathercampos@yahoo.com,1.801E+14,Garciaville,KS
985,Bruce Johnson,ncox@li.com,3.42201E+14,Millershire,OR
986,Christine Osborn,ushepherd@wilson.biz,3.40641E+14,New Joshua,SD
987,Dennis Atkins,nicholas19@gmail.com,4.17466E+15,Lake Tyler,CO
988,Mark Estrada,olindsey@hotmail.com,4.93356E+15,New Joshuaview,HI
989,Dr. Alexander Durham,turnerantonio@gmail.com,4.15872E+12,South Tyler,MO
990,Jill Cobb,qharris@gmail.com,3.59846E+15,West Wayneland,RI
991,Christopher Bailey,jason28@yahoo.com,4.21436E+12,Parkerton,NE
992,Anthony Ellis,nmartinez@cunningham.com,6.76309E+11,New Crystal,MS
993,Ryan Wright MD,ohernandez@campbell-carter.info,3.55651E+15,Medinaview,CT
994,Kevin Barker,curtis72@hotmail.com,6.011E+15,South Ann,MD
995,Molly Berry,mthomas@yahoo.com,2.13119E+14,Port Brandi,MS
996,Adam Wilson,kenneth25@miller-carroll.org,4.02044E+12,Lopezmouth,VT
997,Whitney Ayala,ellen95@riddle-cunningham.net,4.64488E+18,Meganborough,OR
998,Janice Hall,fcamacho@hotmail.com,4.5756E+12,New Angelbury,NH
999,Michelle Boone,moranjoseph@yahoo.com,4.18356E+12,Lake Carla,ME
1000,Michael Peterson,diana31@herrera.com,4.05004E+15,Josefurt,MA
